{"stats":{"minecraft:killed_by":{"minecraft:zombie":1},"minecraft:dropped":{"minecraft:iron_sword":1,"minecraft:cooked_porkchop":30,"minecraft:dirt":1,"minecraft:cornflower":3,"minecraft:jungle_sapling":4,"minecraft:sand":306,"minecraft:iron_pickaxe":2,"minecraft:birch_log":12,"minecraft:white_wool":2,"minecraft:bone":4,"minecraft:stone_axe":2,"minecraft:mangrove_roots":36,"minecraft:birch_sapling":4,"minecraft:wheat":1,"minecraft:pointed_dripstone":1,"minecraft:rotten_flesh":12,"minecraft:oak_planks":18,"minecraft:mangrove_log":2,"minecraft:beetroot_seeds":1,"minecraft:jungle_log":16,"minecraft:arrow":4,"minecraft:wheat_seeds":54,"minecraft:cherry_log":18,"minecraft:diamond_leggings":1,"minecraft:mangrove_propagule":7,"minecraft:iron_helmet":1,"minecraft:lead":2,"minecraft:apple":2,"minecraft:granite":1,"minecraft:stick":5,"minecraft:melon_slice":22,"minecraft:cherry_planks":1,"minecraft:cooked_salmon":3,"minecraft:diamond_helmet":1,"minecraft:iron_leggings":2,"minecraft:iron_axe":1,"minecraft:orange_bed":1,"minecraft:chainmail_leggings":34,"minecraft:string":1,"minecraft:pink_petals":17,"minecraft:cherry_wood":2,"minecraft:moss_carpet":8,"minecraft:cocoa_beans":1,"minecraft:light_gray_wool":1,"minecraft:iron_boots":2,"minecraft:diamond_chestplate":1,"minecraft:iron_chestplate":1,"minecraft:andesite":1,"minecraft:oak_sapling":5,"minecraft:diamond_boots":1,"minecraft:stone_pickaxe":2,"minecraft:wooden_pickaxe":2},"minecraft:broken":{"minecraft:stone_pickaxe":1,"minecraft:stone_axe":1,"minecraft:iron_axe":2,"minecraft:iron_pickaxe":4},"minecraft:used":{"minecraft:iron_shovel":201,"minecraft:chest":18,"minecraft:shield":27,"minecraft:iron_sword":283,"minecraft:bell":4,"minecraft:rotten_flesh":7,"minecraft:jungle_planks":18,"minecraft:jungle_sapling":30,"minecraft:villager_spawn_egg":6,"minecraft:furnace":3,"minecraft:egg":7,"minecraft:diorite":3,"minecraft:acacia_trapdoor":3,"minecraft:stone_pickaxe":171,"minecraft:oak_planks":29,"minecraft:wooden_pickaxe":34,"minecraft:white_wool":2,"minecraft:sand":12,"minecraft:blast_furnace":10,"minecraft:melon_slice":28,"minecraft:bread":33,"minecraft:lectern":96,"minecraft:gravel":16,"minecraft:smithing_table":3,"minecraft:oak_boat":13,"minecraft:oak_trapdoor":2,"minecraft:cherry_wood":1,"minecraft:stone_shovel":117,"minecraft:cooked_salmon":4,"minecraft:orange_bed":3,"minecraft:torch":187,"minecraft:dirt":97,"minecraft:anvil":1,"minecraft:jungle_trapdoor":18,"minecraft:granite":1,"minecraft:iron_axe":831,"minecraft:jungle_log":8,"minecraft:light_gray_wool":1,"minecraft:minecart":28,"minecraft:cooked_beef":5,"minecraft:acacia_planks":28,"minecraft:cobbled_deepslate":72,"minecraft:cherry_log":2,"minecraft:cooked_mutton":15,"minecraft:acacia_boat":1,"minecraft:baked_potato":41,"minecraft:fletching_table":5,"minecraft:cobblestone_slab":14,"minecraft:rail":350,"minecraft:crafting_table":12,"minecraft:white_bed":23,"minecraft:smoker":9,"minecraft:apple":11,"minecraft:mangrove_propagule":3,"minecraft:iron_pickaxe":1159,"minecraft:stone_axe":87,"minecraft:pink_petals":19,"minecraft:cobblestone":414,"minecraft:cooked_porkchop":6,"minecraft:yellow_bed":6},"minecraft:custom":{"minecraft:interact_with_crafting_table":88,"minecraft:open_barrel":1,"minecraft:bell_ring":52,"minecraft:leave_game":14,"minecraft:time_since_death":253034,"minecraft:sprint_one_cm":1359304,"minecraft:damage_blocked_by_shield":805,"minecraft:drop":117,"minecraft:talked_to_villager":188,"minecraft:play_time":507638,"minecraft:deaths":2,"minecraft:jump":11261,"minecraft:walk_on_water_one_cm":72794,"minecraft:interact_with_furnace":33,"minecraft:traded_with_villager":206,"minecraft:sleep_in_bed":32,"minecraft:damage_dealt":21354,"minecraft:crouch_one_cm":46673,"minecraft:interact_with_smoker":13,"minecraft:interact_with_smithing_table":1,"minecraft:mob_kills":142,"minecraft:interact_with_anvil":1,"minecraft:climb_one_cm":17123,"minecraft:walk_one_cm":1008614,"minecraft:sneak_time":21068,"minecraft:walk_under_water_one_cm":46992,"minecraft:boat_one_cm":592129,"minecraft:interact_with_blast_furnace":10,"minecraft:total_world_time":507638,"minecraft:time_since_rest":412,"minecraft:damage_taken":4397,"minecraft:swim_one_cm":165292,"minecraft:fly_one_cm":2889710,"minecraft:open_chest":327,"minecraft:fall_one_cm":380670},"minecraft:mined":{"minecraft:white_bed":25,"minecraft:cherry_log":57,"minecraft:jungle_leaves":109,"minecraft:brewing_stand":1,"minecraft:granite":4,"minecraft:acacia_log":27,"minecraft:grass_block":53,"minecraft:jungle_log":528,"minecraft:composter":3,"minecraft:cobbled_deepslate":4,"minecraft:iron_ore":113,"minecraft:fire":1,"minecraft:barrel":2,"minecraft:fletching_table":4,"minecraft:deepslate_lapis_ore":2,"minecraft:orange_bed":5,"minecraft:jungle_trapdoor":2,"minecraft:deepslate_redstone_ore":7,"minecraft:smoker":9,"minecraft:clay":3,"minecraft:torch":10,"minecraft:blast_furnace":9,"minecraft:melon":12,"minecraft:chest":6,"minecraft:cobblestone":20,"minecraft:grindstone":1,"minecraft:sugar_cane":7,"minecraft:oak_planks":4,"minecraft:wall_torch":13,"minecraft:pink_petals":16,"minecraft:birch_log":12,"minecraft:wheat":12,"minecraft:light_gray_wool":1,"minecraft:oak_log":25,"minecraft:beetroots":1,"minecraft:sand":259,"minecraft:dirt":75,"minecraft:mangrove_log":10,"minecraft:raw_copper_block":2,"minecraft:oak_leaves":36,"minecraft:deepslate":120,"minecraft:deepslate_diamond_ore":40,"minecraft:mangrove_roots":20,"minecraft:jungle_planks":18,"minecraft:mangrove_propagule":11,"minecraft:hay_block":92,"minecraft:oak_trapdoor":1,"minecraft:furnace":3,"minecraft:carrots":5,"minecraft:acacia_trapdoor":2,"minecraft:jungle_sapling":1,"minecraft:andesite":9,"minecraft:gold_block":2,"minecraft:bell":3,"minecraft:bookshelf":4,"minecraft:potatoes":6,"minecraft:deepslate_iron_ore":23,"minecraft:vine":18,"minecraft:rail":56,"minecraft:bamboo":1,"minecraft:stone":461,"minecraft:smithing_table":2,"minecraft:acacia_leaves":1,"minecraft:crafting_table":8,"minecraft:cornflower":8,"minecraft:short_grass":138,"minecraft:lectern":97,"minecraft:tall_grass":20,"minecraft:copper_ore":8,"minecraft:lapis_ore":8,"minecraft:deepslate_gold_ore":46,"minecraft:lily_pad":3,"minecraft:diorite":3,"minecraft:birch_leaves":68,"minecraft:mangrove_leaves":42,"minecraft:yellow_bed":14,"minecraft:coal_ore":402,"minecraft:cocoa":2,"minecraft:dripstone_block":2,"minecraft:cherry_leaves":75,"minecraft:sunflower":1,"minecraft:gravel":29,"minecraft:acacia_door":1,"minecraft:acacia_planks":2,"minecraft:fern":18},"minecraft:picked_up":{"minecraft:wheat":4,"minecraft:smithing_table":2,"minecraft:lead":4,"minecraft:brewing_stand":1,"minecraft:string":3,"minecraft:raw_copper":30,"minecraft:cooked_salmon":7,"minecraft:cobbled_deepslate":197,"minecraft:smooth_stone":2,"minecraft:white_tulip":2,"minecraft:iron_pickaxe":1,"minecraft:melon_slice":53,"minecraft:mangrove_log":10,"minecraft:furnace":3,"minecraft:tipped_arrow":8,"minecraft:stick":58,"minecraft:composter":5,"minecraft:torch":25,"minecraft:acacia_log":26,"minecraft:porkchop":53,"minecraft:cherry_log":57,"minecraft:pointed_dripstone":1,"minecraft:diorite":3,"minecraft:orange_bed":7,"minecraft:rotten_flesh":28,"minecraft:armadillo_scute":1,"minecraft:mangrove_roots":42,"minecraft:cobblestone":558,"minecraft:birch_log":12,"minecraft:pink_petals":40,"minecraft:feather":7,"minecraft:cooked_beef":1,"minecraft:cherry_planks":1,"minecraft:andesite":9,"minecraft:jungle_log":523,"minecraft:smoker":8,"minecraft:potato":6,"minecraft:flint":3,"minecraft:lapis_lazuli":168,"minecraft:dirt":527,"minecraft:bone":21,"minecraft:glass":27,"minecraft:acacia_planks":181,"minecraft:stonecutter":1,"minecraft:bow":1,"minecraft:orange_tulip":2,"minecraft:wheat_seeds":121,"minecraft:raw_gold":126,"minecraft:bell":3,"minecraft:grindstone":3,"minecraft:fletching_table":4,"minecraft:bamboo":24,"minecraft:oak_planks":184,"minecraft:cooked_porkchop":6,"minecraft:jungle_planks":106,"minecraft:sand":431,"minecraft:grass_block":2,"minecraft:barrel":6,"minecraft:diamond":39,"minecraft:granite":4,"minecraft:emerald":8,"minecraft:bread":2,"minecraft:oak_sapling":18,"minecraft:cocoa_beans":16,"minecraft:crafting_table":7,"minecraft:azure_bluet":8,"minecraft:clay_ball":28,"minecraft:wooden_pickaxe":1,"minecraft:gold_block":2,"minecraft:brick":24,"minecraft:cornflower":22,"minecraft:jungle_trapdoor":2,"minecraft:moss_carpet":9,"minecraft:wooden_sword":1,"minecraft:acacia_door":1,"minecraft:beef":47,"minecraft:oak_boat":11,"minecraft:jungle_sapling":37,"minecraft:poppy":4,"minecraft:lectern":97,"minecraft:light_gray_wool":2,"minecraft:minecart":15,"minecraft:chest":6,"minecraft:sugar_cane":82,"minecraft:birch_sapling":8,"minecraft:raw_copper_block":4,"minecraft:egg":12,"minecraft:raw_iron":145,"minecraft:carrot":10,"minecraft:redstone":41,"minecraft:stone_shovel":1,"minecraft:arrow":23,"minecraft:beetroot_seeds":1,"minecraft:hay_block":111,"minecraft:gold_ingot":2,"minecraft:mutton":22,"minecraft:white_wool":21,"minecraft:rail":185,"minecraft:oxeye_daisy":2,"minecraft:leather":57,"minecraft:filled_map":1,"minecraft:birch_planks":48,"minecraft:oak_log":24,"minecraft:lily_pad":3,"minecraft:yellow_bed":14,"minecraft:gunpowder":8,"minecraft:apple":19,"minecraft:kelp":2,"minecraft:acacia_trapdoor":2,"minecraft:heart_of_the_sea":1,"minecraft:iron_ingot":26,"minecraft:stone_pickaxe":1,"minecraft:mangrove_planks":56,"minecraft:iron_sword":1,"minecraft:book":16,"minecraft:pumpkin":3,"minecraft:dandelion":4,"minecraft:dripstone_block":4,"minecraft:gravel":30,"minecraft:blast_furnace":9,"minecraft:white_bed":24,"minecraft:spider_eye":4,"minecraft:stone_axe":1,"minecraft:cherry_sapling":16,"minecraft:baked_potato":44,"minecraft:black_wool":1,"minecraft:melon_seeds":2,"minecraft:mangrove_propagule":10,"minecraft:coal":492,"minecraft:sunflower":1,"minecraft:ender_pearl":2},"minecraft:crafted":{"minecraft:oak_planks":352,"minecraft:smooth_stone":6,"minecraft:cherry_wood":3,"minecraft:stone":8,"minecraft:cooked_mutton":15,"minecraft:glass":11,"minecraft:diamond_helmet":1,"minecraft:diamond_leggings":2,"minecraft:iron_boots":2,"minecraft:chest":14,"minecraft:rail":64,"minecraft:smoker":1,"minecraft:acacia_wood":6,"minecraft:emerald":167,"minecraft:crafting_table":5,"minecraft:wooden_pickaxe":2,"minecraft:iron_helmet":2,"minecraft:smithing_table":1,"minecraft:fletching_table":1,"minecraft:iron_chestplate":2,"minecraft:shield":1,"minecraft:stick":4772,"minecraft:iron_ingot":69,"minecraft:iron_pickaxe":6,"minecraft:iron_block":3,"minecraft:gold_ingot":18,"minecraft:shears":1,"minecraft:stone_shovel":1,"minecraft:smooth_stone_slab":6,"minecraft:furnace":2,"minecraft:blast_furnace":1,"minecraft:jungle_trapdoor":16,"minecraft:oak_trapdoor":2,"minecraft:iron_axe":5,"minecraft:stone_pickaxe":4,"minecraft:diamond_boots":2,"minecraft:chainmail_leggings":34,"minecraft:minecart":1,"minecraft:wheat":126,"minecraft:iron_sword":2,"minecraft:acacia_trapdoor":2,"minecraft:mangrove_planks":12,"minecraft:stone_axe":3,"minecraft:enchanted_book":3,"minecraft:acacia_boat":1,"minecraft:bread":42,"minecraft:air":0,"minecraft:jungle_planks":1996,"minecraft:oak_boat":2,"minecraft:iron_shovel":1,"minecraft:iron_leggings":2,"minecraft:anvil":1,"minecraft:white_bed":2,"minecraft:acacia_planks":72,"minecraft:torch":156,"minecraft:diamond_chestplate":1},"minecraft:killed":{"minecraft:spider":6,"minecraft:skeleton":17,"minecraft:chicken":1,"minecraft:pig":21,"minecraft:creeper":4,"minecraft:sheep":14,"minecraft:trader_llama":2,"minecraft:zombie":36,"minecraft:cow":22,"minecraft:armadillo":5,"minecraft:bogged":4,"minecraft:wandering_trader":1,"minecraft:villager":6,"minecraft:enderman":2}},"DataVersion":3953}