{"stats":{"minecraft:custom":{"minecraft:mob_kills":102,"minecraft:interact_with_crafting_table":28,"minecraft:leave_game":8,"minecraft:time_since_death":90679,"minecraft:climb_one_cm":3389,"minecraft:sprint_one_cm":371834,"minecraft:walk_one_cm":231905,"minecraft:damage_blocked_by_shield":660,"minecraft:drop":34,"minecraft:talked_to_villager":1,"minecraft:play_time":124605,"minecraft:deaths":1,"minecraft:sneak_time":7220,"minecraft:walk_under_water_one_cm":17869,"minecraft:boat_one_cm":66720,"minecraft:jump":3148,"minecraft:walk_on_water_one_cm":25278,"minecraft:total_world_time":124605,"minecraft:interact_with_furnace":14,"minecraft:sleep_in_bed":6,"minecraft:time_since_rest":4418,"minecraft:damage_taken":2223,"minecraft:damage_dealt":15398,"minecraft:swim_one_cm":90059,"minecraft:fly_one_cm":658145,"minecraft:open_chest":24,"minecraft:crouch_one_cm":12502,"minecraft:interact_with_smoker":3,"minecraft:fall_one_cm":100993},"minecraft:crafted":{"minecraft:oak_planks":36,"minecraft:stone_shovel":1,"minecraft:furnace":1,"minecraft:glass":11,"minecraft:diamond_helmet":1,"minecraft:diamond_leggings":1,"minecraft:iron_boots":2,"minecraft:stone_pickaxe":4,"minecraft:chest":3,"minecraft:smoker":1,"minecraft:wheat":90,"minecraft:acacia_wood":6,"minecraft:crafting_table":2,"minecraft:wooden_pickaxe":2,"minecraft:iron_helmet":2,"minecraft:stone_axe":3,"minecraft:bread":30,"minecraft:air":0,"minecraft:jungle_planks":4,"minecraft:oak_boat":1,"minecraft:iron_chestplate":2,"minecraft:shield":1,"minecraft:stick":48,"minecraft:iron_ingot":46,"minecraft:iron_pickaxe":1,"minecraft:iron_leggings":2,"minecraft:white_bed":2,"minecraft:acacia_planks":72,"minecraft:torch":108,"minecraft:diamond_chestplate":1},"minecraft:mined":{"minecraft:white_bed":8,"minecraft:deepslate_diamond_ore":21,"minecraft:granite":2,"minecraft:acacia_log":27,"minecraft:grass_block":4,"minecraft:jungle_log":1,"minecraft:mangrove_propagule":1,"minecraft:hay_block":29,"minecraft:furnace":1,"minecraft:iron_ore":68,"minecraft:fire":1,"minecraft:andesite":7,"minecraft:deepslate_lapis_ore":2,"minecraft:deepslate_iron_ore":16,"minecraft:bamboo":1,"minecraft:stone":87,"minecraft:deepslate_redstone_ore":2,"minecraft:acacia_leaves":1,"minecraft:crafting_table":7,"minecraft:cornflower":3,"minecraft:torch":4,"minecraft:short_grass":17,"minecraft:melon":11,"minecraft:tall_grass":2,"minecraft:cobblestone":1,"minecraft:lapis_ore":4,"minecraft:deepslate_gold_ore":40,"minecraft:sugar_cane":7,"minecraft:diorite":3,"minecraft:wall_torch":7,"minecraft:light_gray_wool":1,"minecraft:oak_log":9,"minecraft:coal_ore":119,"minecraft:dripstone_block":2,"minecraft:gravel":2,"minecraft:sand":129,"minecraft:dirt":3,"minecraft:raw_copper_block":2,"minecraft:oak_leaves":3,"minecraft:deepslate":35,"minecraft:fern":1},"minecraft:picked_up":{"minecraft:crafting_table":6,"minecraft:wooden_pickaxe":1,"minecraft:cornflower":3,"minecraft:string":2,"minecraft:cooked_salmon":7,"minecraft:cobbled_deepslate":58,"minecraft:beef":9,"minecraft:oak_boat":3,"minecraft:light_gray_wool":2,"minecraft:melon_slice":50,"minecraft:sugar_cane":25,"minecraft:furnace":1,"minecraft:raw_copper_block":2,"minecraft:egg":4,"minecraft:tipped_arrow":4,"minecraft:stick":1,"minecraft:raw_iron":93,"minecraft:torch":12,"minecraft:acacia_log":26,"minecraft:porkchop":45,"minecraft:pointed_dripstone":1,"minecraft:diorite":3,"minecraft:redstone":9,"minecraft:rotten_flesh":25,"minecraft:arrow":22,"minecraft:stone_shovel":1,"minecraft:hay_block":29,"minecraft:gold_ingot":2,"minecraft:mutton":20,"minecraft:cobblestone":101,"minecraft:white_wool":15,"minecraft:andesite":7,"minecraft:jungle_log":1,"minecraft:leather":8,"minecraft:filled_map":1,"minecraft:oak_log":9,"minecraft:gunpowder":3,"minecraft:dirt":6,"minecraft:lapis_lazuli":37,"minecraft:bone":19,"minecraft:bow":1,"minecraft:wheat_seeds":13,"minecraft:raw_gold":40,"minecraft:heart_of_the_sea":1,"minecraft:stone_pickaxe":1,"minecraft:iron_ingot":26,"minecraft:bamboo":16,"minecraft:iron_sword":1,"minecraft:oak_planks":8,"minecraft:book":2,"minecraft:dripstone_block":4,"minecraft:gravel":7,"minecraft:jungle_planks":4,"minecraft:sand":237,"minecraft:white_bed":6,"minecraft:grass_block":1,"minecraft:spider_eye":1,"minecraft:diamond":21,"minecraft:stone_axe":1,"minecraft:granite":2,"minecraft:emerald":8,"minecraft:coal":166,"minecraft:oak_sapling":2,"minecraft:mangrove_propagule":1,"minecraft:black_wool":1,"minecraft:ender_pearl":2},"minecraft:killed_by":{"minecraft:zombie":1},"minecraft:broken":{"minecraft:stone_pickaxe":1,"minecraft:stone_axe":1},"minecraft:dropped":{"minecraft:wheat_seeds":11,"minecraft:diamond_leggings":1,"minecraft:iron_helmet":1,"minecraft:granite":1,"minecraft:cornflower":3,"minecraft:melon_slice":22,"minecraft:cooked_salmon":3,"minecraft:diamond_helmet":1,"minecraft:iron_leggings":1,"minecraft:sand":113,"minecraft:string":1,"minecraft:white_wool":2,"minecraft:bone":4,"minecraft:stone_axe":2,"minecraft:pointed_dripstone":1,"minecraft:rotten_flesh":5,"minecraft:light_gray_wool":1,"minecraft:iron_boots":1,"minecraft:diamond_chestplate":1,"minecraft:iron_chestplate":1,"minecraft:oak_sapling":1,"minecraft:wooden_pickaxe":2,"minecraft:stone_pickaxe":2,"minecraft:arrow":4},"minecraft:killed":{"minecraft:armadillo":5,"minecraft:bogged":4,"minecraft:spider":4,"minecraft:skeleton":15,"minecraft:pig":19,"minecraft:creeper":2,"minecraft:sheep":13,"minecraft:zombie":31,"minecraft:cow":6,"minecraft:enderman":2},"minecraft:used":{"minecraft:stone_shovel":117,"minecraft:chest":3,"minecraft:shield":22,"minecraft:iron_sword":209,"minecraft:cooked_salmon":4,"minecraft:rotten_flesh":7,"minecraft:torch":120,"minecraft:dirt":2,"minecraft:granite":1,"minecraft:light_gray_wool":1,"minecraft:furnace":1,"minecraft:egg":3,"minecraft:cooked_beef":4,"minecraft:diorite":3,"minecraft:stone_pickaxe":171,"minecraft:wooden_pickaxe":34,"minecraft:sand":11,"minecraft:crafting_table":8,"minecraft:white_bed":8,"minecraft:smoker":1,"minecraft:bread":30,"minecraft:mangrove_propagule":1,"minecraft:melon_slice":25,"minecraft:iron_pickaxe":211,"minecraft:stone_axe":87,"minecraft:cobblestone":14,"minecraft:oak_boat":3}},"DataVersion":3953}