{"stats":{"minecraft:killed_by":{"minecraft:zombie":1},"minecraft:dropped":{"minecraft:iron_sword":1,"minecraft:cooked_porkchop":30,"minecraft:dirt":1,"minecraft:cornflower":3,"minecraft:jungle_sapling":4,"minecraft:sand":114,"minecraft:birch_log":12,"minecraft:white_wool":2,"minecraft:bone":4,"minecraft:stone_axe":2,"minecraft:mangrove_roots":36,"minecraft:wheat":1,"minecraft:birch_sapling":4,"minecraft:pointed_dripstone":1,"minecraft:rotten_flesh":12,"minecraft:oak_planks":18,"minecraft:mangrove_log":2,"minecraft:beetroot_seeds":1,"minecraft:jungle_log":16,"minecraft:arrow":4,"minecraft:wheat_seeds":54,"minecraft:diamond_leggings":1,"minecraft:mangrove_propagule":7,"minecraft:lead":2,"minecraft:iron_helmet":1,"minecraft:apple":2,"minecraft:granite":1,"minecraft:stick":5,"minecraft:melon_slice":22,"minecraft:cooked_salmon":3,"minecraft:diamond_helmet":1,"minecraft:iron_leggings":1,"minecraft:iron_axe":1,"minecraft:orange_bed":1,"minecraft:string":1,"minecraft:pink_petals":17,"minecraft:moss_carpet":8,"minecraft:cocoa_beans":1,"minecraft:light_gray_wool":1,"minecraft:iron_boots":1,"minecraft:diamond_chestplate":1,"minecraft:iron_chestplate":1,"minecraft:andesite":1,"minecraft:oak_sapling":5,"minecraft:diamond_boots":1,"minecraft:stone_pickaxe":2,"minecraft:wooden_pickaxe":2},"minecraft:broken":{"minecraft:stone_pickaxe":1,"minecraft:stone_axe":1,"minecraft:iron_pickaxe":3},"minecraft:used":{"minecraft:iron_shovel":66,"minecraft:chest":16,"minecraft:shield":25,"minecraft:iron_sword":267,"minecraft:bell":4,"minecraft:rotten_flesh":7,"minecraft:jungle_planks":18,"minecraft:jungle_sapling":12,"minecraft:villager_spawn_egg":6,"minecraft:furnace":2,"minecraft:egg":7,"minecraft:diorite":3,"minecraft:acacia_trapdoor":3,"minecraft:stone_pickaxe":171,"minecraft:oak_planks":29,"minecraft:wooden_pickaxe":34,"minecraft:white_wool":2,"minecraft:sand":11,"minecraft:blast_furnace":4,"minecraft:melon_slice":28,"minecraft:bread":30,"minecraft:lectern":1,"minecraft:oak_boat":13,"minecraft:oak_trapdoor":2,"minecraft:stone_shovel":117,"minecraft:cooked_salmon":4,"minecraft:orange_bed":3,"minecraft:torch":165,"minecraft:dirt":91,"minecraft:jungle_trapdoor":18,"minecraft:granite":1,"minecraft:iron_axe":395,"minecraft:jungle_log":5,"minecraft:light_gray_wool":1,"minecraft:minecart":28,"minecraft:cooked_beef":5,"minecraft:acacia_planks":28,"minecraft:cobbled_deepslate":72,"minecraft:cherry_log":1,"minecraft:cooked_mutton":15,"minecraft:acacia_boat":1,"minecraft:baked_potato":22,"minecraft:cobblestone_slab":14,"minecraft:rail":350,"minecraft:crafting_table":12,"minecraft:white_bed":23,"minecraft:smoker":9,"minecraft:apple":11,"minecraft:mangrove_propagule":3,"minecraft:iron_pickaxe":809,"minecraft:stone_axe":87,"minecraft:pink_petals":19,"minecraft:cobblestone":370,"minecraft:cooked_porkchop":6,"minecraft:yellow_bed":5},"minecraft:custom":{"minecraft:interact_with_crafting_table":54,"minecraft:open_barrel":1,"minecraft:bell_ring":52,"minecraft:leave_game":13,"minecraft:time_since_death":151533,"minecraft:sprint_one_cm":1117171,"minecraft:damage_blocked_by_shield":735,"minecraft:drop":73,"minecraft:talked_to_villager":6,"minecraft:play_time":406137,"minecraft:deaths":2,"minecraft:jump":9304,"minecraft:walk_on_water_one_cm":63124,"minecraft:interact_with_furnace":17,"minecraft:sleep_in_bed":25,"minecraft:damage_dealt":20448,"minecraft:crouch_one_cm":36833,"minecraft:interact_with_smoker":9,"minecraft:mob_kills":138,"minecraft:climb_one_cm":15546,"minecraft:walk_one_cm":825790,"minecraft:sneak_time":15570,"minecraft:walk_under_water_one_cm":44632,"minecraft:boat_one_cm":592129,"minecraft:interact_with_blast_furnace":2,"minecraft:total_world_time":406137,"minecraft:time_since_rest":8610,"minecraft:damage_taken":3818,"minecraft:swim_one_cm":160946,"minecraft:fly_one_cm":2479591,"minecraft:open_chest":259,"minecraft:fall_one_cm":314982},"minecraft:mined":{"minecraft:white_bed":25,"minecraft:cherry_log":34,"minecraft:jungle_leaves":80,"minecraft:brewing_stand":1,"minecraft:granite":4,"minecraft:acacia_log":27,"minecraft:grass_block":47,"minecraft:jungle_log":233,"minecraft:composter":3,"minecraft:cobbled_deepslate":4,"minecraft:iron_ore":97,"minecraft:fire":1,"minecraft:barrel":2,"minecraft:deepslate_lapis_ore":2,"minecraft:orange_bed":5,"minecraft:jungle_trapdoor":2,"minecraft:deepslate_redstone_ore":2,"minecraft:smoker":9,"minecraft:clay":3,"minecraft:torch":6,"minecraft:blast_furnace":4,"minecraft:melon":12,"minecraft:chest":6,"minecraft:cobblestone":8,"minecraft:grindstone":1,"minecraft:sugar_cane":7,"minecraft:oak_planks":4,"minecraft:wall_torch":12,"minecraft:pink_petals":16,"minecraft:birch_log":12,"minecraft:wheat":12,"minecraft:light_gray_wool":1,"minecraft:oak_log":25,"minecraft:beetroots":1,"minecraft:sand":130,"minecraft:dirt":75,"minecraft:mangrove_log":10,"minecraft:raw_copper_block":2,"minecraft:oak_leaves":36,"minecraft:deepslate":109,"minecraft:deepslate_diamond_ore":24,"minecraft:mangrove_roots":20,"minecraft:jungle_planks":18,"minecraft:mangrove_propagule":11,"minecraft:hay_block":92,"minecraft:oak_trapdoor":1,"minecraft:furnace":2,"minecraft:carrots":5,"minecraft:acacia_trapdoor":2,"minecraft:andesite":8,"minecraft:gold_block":2,"minecraft:bell":3,"minecraft:bookshelf":4,"minecraft:potatoes":6,"minecraft:deepslate_iron_ore":16,"minecraft:vine":9,"minecraft:rail":56,"minecraft:bamboo":1,"minecraft:stone":407,"minecraft:acacia_leaves":1,"minecraft:crafting_table":8,"minecraft:cornflower":8,"minecraft:short_grass":137,"minecraft:lectern":1,"minecraft:copper_ore":8,"minecraft:tall_grass":20,"minecraft:lapis_ore":8,"minecraft:deepslate_gold_ore":40,"minecraft:lily_pad":3,"minecraft:diorite":3,"minecraft:birch_leaves":68,"minecraft:mangrove_leaves":42,"minecraft:yellow_bed":14,"minecraft:coal_ore":194,"minecraft:cocoa":2,"minecraft:dripstone_block":2,"minecraft:cherry_leaves":75,"minecraft:sunflower":1,"minecraft:gravel":2,"minecraft:acacia_door":1,"minecraft:acacia_planks":2,"minecraft:fern":18},"minecraft:picked_up":{"minecraft:wheat":4,"minecraft:lead":4,"minecraft:brewing_stand":1,"minecraft:string":2,"minecraft:raw_copper":30,"minecraft:cooked_salmon":7,"minecraft:cobbled_deepslate":185,"minecraft:white_tulip":2,"minecraft:melon_slice":53,"minecraft:mangrove_log":10,"minecraft:furnace":2,"minecraft:tipped_arrow":8,"minecraft:stick":24,"minecraft:composter":5,"minecraft:torch":19,"minecraft:acacia_log":26,"minecraft:porkchop":53,"minecraft:cherry_log":34,"minecraft:pointed_dripstone":1,"minecraft:diorite":3,"minecraft:orange_bed":7,"minecraft:rotten_flesh":27,"minecraft:armadillo_scute":1,"minecraft:mangrove_roots":42,"minecraft:cobblestone":483,"minecraft:birch_log":12,"minecraft:pink_petals":40,"minecraft:feather":7,"minecraft:cooked_beef":1,"minecraft:jungle_log":228,"minecraft:andesite":8,"minecraft:smoker":8,"minecraft:potato":6,"minecraft:lapis_lazuli":168,"minecraft:dirt":521,"minecraft:bone":20,"minecraft:glass":27,"minecraft:acacia_planks":181,"minecraft:bow":1,"minecraft:stonecutter":1,"minecraft:wheat_seeds":121,"minecraft:orange_tulip":2,"minecraft:raw_gold":120,"minecraft:bell":3,"minecraft:grindstone":3,"minecraft:bamboo":24,"minecraft:oak_planks":184,"minecraft:cooked_porkchop":6,"minecraft:jungle_planks":106,"minecraft:sand":238,"minecraft:grass_block":2,"minecraft:barrel":6,"minecraft:diamond":24,"minecraft:granite":4,"minecraft:emerald":8,"minecraft:bread":2,"minecraft:oak_sapling":18,"minecraft:cocoa_beans":16,"minecraft:crafting_table":7,"minecraft:azure_bluet":8,"minecraft:clay_ball":28,"minecraft:wooden_pickaxe":1,"minecraft:gold_block":2,"minecraft:brick":24,"minecraft:cornflower":22,"minecraft:jungle_trapdoor":2,"minecraft:moss_carpet":9,"minecraft:acacia_door":1,"minecraft:wooden_sword":1,"minecraft:beef":47,"minecraft:oak_boat":11,"minecraft:jungle_sapling":18,"minecraft:poppy":4,"minecraft:lectern":1,"minecraft:light_gray_wool":2,"minecraft:minecart":15,"minecraft:sugar_cane":82,"minecraft:chest":6,"minecraft:birch_sapling":8,"minecraft:raw_copper_block":4,"minecraft:egg":12,"minecraft:raw_iron":122,"minecraft:carrot":10,"minecraft:redstone":18,"minecraft:stone_shovel":1,"minecraft:arrow":23,"minecraft:beetroot_seeds":1,"minecraft:hay_block":111,"minecraft:gold_ingot":2,"minecraft:mutton":22,"minecraft:white_wool":21,"minecraft:rail":185,"minecraft:oxeye_daisy":2,"minecraft:leather":57,"minecraft:filled_map":1,"minecraft:birch_planks":48,"minecraft:oak_log":24,"minecraft:lily_pad":3,"minecraft:yellow_bed":14,"minecraft:gunpowder":8,"minecraft:apple":19,"minecraft:kelp":2,"minecraft:acacia_trapdoor":2,"minecraft:heart_of_the_sea":1,"minecraft:iron_ingot":26,"minecraft:stone_pickaxe":1,"minecraft:mangrove_planks":56,"minecraft:iron_sword":1,"minecraft:book":16,"minecraft:pumpkin":3,"minecraft:dandelion":4,"minecraft:dripstone_block":4,"minecraft:gravel":7,"minecraft:blast_furnace":4,"minecraft:white_bed":24,"minecraft:spider_eye":3,"minecraft:stone_axe":1,"minecraft:cherry_sapling":16,"minecraft:baked_potato":44,"minecraft:black_wool":1,"minecraft:melon_seeds":2,"minecraft:coal":285,"minecraft:mangrove_propagule":10,"minecraft:ender_pearl":2,"minecraft:sunflower":1},"minecraft:crafted":{"minecraft:oak_planks":96,"minecraft:cooked_mutton":15,"minecraft:glass":11,"minecraft:diamond_helmet":1,"minecraft:diamond_leggings":1,"minecraft:iron_boots":2,"minecraft:chest":12,"minecraft:rail":64,"minecraft:smoker":1,"minecraft:acacia_wood":6,"minecraft:crafting_table":5,"minecraft:wooden_pickaxe":2,"minecraft:iron_helmet":2,"minecraft:iron_chestplate":2,"minecraft:shield":1,"minecraft:stick":64,"minecraft:iron_ingot":46,"minecraft:iron_pickaxe":4,"minecraft:gold_ingot":18,"minecraft:shears":1,"minecraft:stone_shovel":1,"minecraft:furnace":1,"minecraft:jungle_trapdoor":16,"minecraft:oak_trapdoor":2,"minecraft:iron_axe":3,"minecraft:stone_pickaxe":4,"minecraft:diamond_boots":1,"minecraft:minecart":1,"minecraft:wheat":90,"minecraft:iron_sword":2,"minecraft:acacia_trapdoor":2,"minecraft:mangrove_planks":12,"minecraft:stone_axe":3,"minecraft:acacia_boat":1,"minecraft:bread":30,"minecraft:air":0,"minecraft:jungle_planks":56,"minecraft:oak_boat":2,"minecraft:iron_shovel":1,"minecraft:iron_leggings":2,"minecraft:white_bed":2,"minecraft:acacia_planks":72,"minecraft:torch":156,"minecraft:diamond_chestplate":1},"minecraft:killed":{"minecraft:spider":5,"minecraft:skeleton":16,"minecraft:chicken":1,"minecraft:pig":21,"minecraft:creeper":4,"minecraft:sheep":14,"minecraft:trader_llama":2,"minecraft:zombie":34,"minecraft:cow":22,"minecraft:armadillo":5,"minecraft:bogged":4,"minecraft:wandering_trader":1,"minecraft:villager":6,"minecraft:enderman":2}},"DataVersion":3953}