{"stats":{"minecraft:killed_by":{"minecraft:zombie":1},"minecraft:dropped":{"minecraft:iron_sword":1,"minecraft:wheat_seeds":54,"minecraft:cooked_porkchop":30,"minecraft:diamond_leggings":1,"minecraft:mangrove_propagule":7,"minecraft:iron_helmet":1,"minecraft:lead":2,"minecraft:apple":2,"minecraft:granite":1,"minecraft:stick":5,"minecraft:dirt":1,"minecraft:cornflower":3,"minecraft:melon_slice":22,"minecraft:cooked_salmon":3,"minecraft:diamond_helmet":1,"minecraft:jungle_sapling":4,"minecraft:iron_leggings":1,"minecraft:sand":114,"minecraft:iron_axe":1,"minecraft:orange_bed":1,"minecraft:string":1,"minecraft:birch_log":12,"minecraft:white_wool":2,"minecraft:bone":4,"minecraft:stone_axe":2,"minecraft:moss_carpet":8,"minecraft:mangrove_roots":36,"minecraft:cocoa_beans":1,"minecraft:birch_sapling":4,"minecraft:wheat":1,"minecraft:pointed_dripstone":1,"minecraft:rotten_flesh":12,"minecraft:light_gray_wool":1,"minecraft:oak_planks":18,"minecraft:iron_boots":1,"minecraft:mangrove_log":2,"minecraft:diamond_chestplate":1,"minecraft:iron_chestplate":1,"minecraft:beetroot_seeds":1,"minecraft:andesite":1,"minecraft:jungle_log":16,"minecraft:oak_sapling":5,"minecraft:diamond_boots":1,"minecraft:arrow":4,"minecraft:stone_pickaxe":2,"minecraft:wooden_pickaxe":2},"minecraft:broken":{"minecraft:stone_pickaxe":1,"minecraft:stone_axe":1,"minecraft:iron_pickaxe":2},"minecraft:used":{"minecraft:oak_trapdoor":2,"minecraft:stone_shovel":117,"minecraft:chest":6,"minecraft:shield":25,"minecraft:iron_sword":242,"minecraft:cooked_salmon":4,"minecraft:rotten_flesh":7,"minecraft:bell":4,"minecraft:orange_bed":2,"minecraft:torch":142,"minecraft:dirt":35,"minecraft:granite":1,"minecraft:iron_axe":104,"minecraft:jungle_log":5,"minecraft:light_gray_wool":1,"minecraft:furnace":1,"minecraft:egg":7,"minecraft:cooked_beef":5,"minecraft:cobbled_deepslate":72,"minecraft:acacia_planks":28,"minecraft:cooked_mutton":15,"minecraft:diorite":3,"minecraft:acacia_boat":1,"minecraft:acacia_trapdoor":3,"minecraft:stone_pickaxe":171,"minecraft:baked_potato":7,"minecraft:oak_planks":28,"minecraft:wooden_pickaxe":34,"minecraft:white_wool":2,"minecraft:sand":11,"minecraft:blast_furnace":2,"minecraft:crafting_table":11,"minecraft:white_bed":22,"minecraft:smoker":6,"minecraft:apple":11,"minecraft:bread":30,"minecraft:mangrove_propagule":3,"minecraft:melon_slice":25,"minecraft:iron_pickaxe":499,"minecraft:stone_axe":87,"minecraft:cobblestone":90,"minecraft:cooked_porkchop":6,"minecraft:yellow_bed":4,"minecraft:oak_boat":11},"minecraft:custom":{"minecraft:mob_kills":124,"minecraft:interact_with_crafting_table":43,"minecraft:open_barrel":1,"minecraft:bell_ring":52,"minecraft:leave_game":13,"minecraft:time_since_death":43533,"minecraft:climb_one_cm":11594,"minecraft:sprint_one_cm":865445,"minecraft:walk_one_cm":492323,"minecraft:damage_blocked_by_shield":735,"minecraft:drop":72,"minecraft:talked_to_villager":5,"minecraft:play_time":298137,"minecraft:sneak_time":12060,"minecraft:deaths":2,"minecraft:walk_under_water_one_cm":34973,"minecraft:boat_one_cm":584203,"minecraft:jump":7385,"minecraft:walk_on_water_one_cm":56841,"minecraft:total_world_time":298137,"minecraft:interact_with_furnace":17,"minecraft:sleep_in_bed":18,"minecraft:time_since_rest":21846,"minecraft:damage_taken":3568,"minecraft:damage_dealt":18360,"minecraft:swim_one_cm":145807,"minecraft:fly_one_cm":1661321,"minecraft:open_chest":158,"minecraft:crouch_one_cm":26483,"minecraft:fall_one_cm":256530,"minecraft:interact_with_smoker":7},"minecraft:mined":{"minecraft:white_bed":24,"minecraft:deepslate_diamond_ore":24,"minecraft:jungle_leaves":74,"minecraft:mangrove_roots":20,"minecraft:brewing_stand":1,"minecraft:granite":4,"minecraft:acacia_log":27,"minecraft:grass_block":29,"minecraft:jungle_log":24,"minecraft:composter":3,"minecraft:mangrove_propagule":11,"minecraft:hay_block":92,"minecraft:oak_trapdoor":1,"minecraft:furnace":1,"minecraft:carrots":5,"minecraft:acacia_trapdoor":2,"minecraft:iron_ore":97,"minecraft:barrel":2,"minecraft:fire":1,"minecraft:cobbled_deepslate":4,"minecraft:andesite":8,"minecraft:deepslate_lapis_ore":2,"minecraft:bell":3,"minecraft:bookshelf":4,"minecraft:potatoes":6,"minecraft:vine":2,"minecraft:deepslate_iron_ore":16,"minecraft:bamboo":1,"minecraft:stone":164,"minecraft:orange_bed":4,"minecraft:deepslate_redstone_ore":2,"minecraft:acacia_leaves":1,"minecraft:smoker":6,"minecraft:clay":3,"minecraft:cornflower":8,"minecraft:crafting_table":8,"minecraft:torch":6,"minecraft:short_grass":119,"minecraft:blast_furnace":2,"minecraft:melon":12,"minecraft:lectern":1,"minecraft:tall_grass":6,"minecraft:cobblestone":6,"minecraft:deepslate_gold_ore":40,"minecraft:lapis_ore":8,"minecraft:lily_pad":3,"minecraft:grindstone":1,"minecraft:oak_planks":3,"minecraft:sugar_cane":7,"minecraft:wall_torch":7,"minecraft:diorite":3,"minecraft:birch_log":12,"minecraft:wheat":12,"minecraft:birch_leaves":68,"minecraft:light_gray_wool":1,"minecraft:mangrove_leaves":42,"minecraft:yellow_bed":14,"minecraft:coal_ore":194,"minecraft:oak_log":25,"minecraft:cocoa":2,"minecraft:beetroots":1,"minecraft:gravel":2,"minecraft:dirt":16,"minecraft:sand":130,"minecraft:acacia_door":1,"minecraft:dripstone_block":2,"minecraft:mangrove_log":10,"minecraft:acacia_planks":2,"minecraft:raw_copper_block":2,"minecraft:deepslate":109,"minecraft:oak_leaves":32,"minecraft:fern":18},"minecraft:picked_up":{"minecraft:cocoa_beans":16,"minecraft:crafting_table":7,"minecraft:wheat":1,"minecraft:clay_ball":12,"minecraft:lead":2,"minecraft:wooden_pickaxe":1,"minecraft:brewing_stand":1,"minecraft:cornflower":8,"minecraft:string":2,"minecraft:moss_carpet":8,"minecraft:cooked_salmon":7,"minecraft:acacia_door":1,"minecraft:cobbled_deepslate":135,"minecraft:beef":31,"minecraft:oak_boat":11,"minecraft:jungle_sapling":4,"minecraft:light_gray_wool":2,"minecraft:lectern":1,"minecraft:melon_slice":53,"minecraft:sugar_cane":25,"minecraft:birch_sapling":4,"minecraft:furnace":1,"minecraft:mangrove_log":10,"minecraft:raw_copper_block":2,"minecraft:egg":8,"minecraft:tipped_arrow":4,"minecraft:raw_iron":122,"minecraft:stick":6,"minecraft:composter":3,"minecraft:torch":14,"minecraft:acacia_log":26,"minecraft:porkchop":47,"minecraft:pointed_dripstone":1,"minecraft:diorite":3,"minecraft:carrot":4,"minecraft:redstone":9,"minecraft:orange_bed":4,"minecraft:arrow":23,"minecraft:stone_shovel":1,"minecraft:rotten_flesh":27,"minecraft:beetroot_seeds":1,"minecraft:hay_block":92,"minecraft:mangrove_roots":36,"minecraft:gold_ingot":2,"minecraft:mutton":21,"minecraft:white_wool":16,"minecraft:cobblestone":185,"minecraft:oxeye_daisy":1,"minecraft:birch_log":12,"minecraft:feather":1,"minecraft:cooked_beef":1,"minecraft:andesite":8,"minecraft:jungle_log":22,"minecraft:leather":24,"minecraft:smoker":5,"minecraft:potato":6,"minecraft:filled_map":1,"minecraft:oak_log":24,"minecraft:lily_pad":3,"minecraft:yellow_bed":14,"minecraft:gunpowder":6,"minecraft:lapis_lazuli":56,"minecraft:dirt":40,"minecraft:bone":20,"minecraft:acacia_planks":2,"minecraft:apple":2,"minecraft:kelp":2,"minecraft:bow":1,"minecraft:wheat_seeds":59,"minecraft:acacia_trapdoor":2,"minecraft:raw_gold":40,"minecraft:bell":3,"minecraft:heart_of_the_sea":1,"minecraft:grindstone":1,"minecraft:iron_ingot":26,"minecraft:stone_pickaxe":1,"minecraft:bamboo":16,"minecraft:iron_sword":1,"minecraft:oak_planks":9,"minecraft:book":14,"minecraft:dandelion":2,"minecraft:dripstone_block":4,"minecraft:gravel":7,"minecraft:sand":238,"minecraft:jungle_planks":4,"minecraft:blast_furnace":2,"minecraft:white_bed":22,"minecraft:grass_block":1,"minecraft:spider_eye":1,"minecraft:barrel":2,"minecraft:diamond":24,"minecraft:stone_axe":1,"minecraft:granite":4,"minecraft:emerald":8,"minecraft:oak_sapling":6,"minecraft:melon_seeds":1,"minecraft:black_wool":1,"minecraft:mangrove_propagule":10,"minecraft:coal":278,"minecraft:ender_pearl":2},"minecraft:crafted":{"minecraft:oak_planks":96,"minecraft:stone_shovel":1,"minecraft:furnace":1,"minecraft:cooked_mutton":15,"minecraft:oak_trapdoor":2,"minecraft:glass":11,"minecraft:diamond_helmet":1,"minecraft:diamond_leggings":1,"minecraft:iron_boots":2,"minecraft:iron_axe":2,"minecraft:stone_pickaxe":4,"minecraft:chest":6,"minecraft:diamond_boots":1,"minecraft:rail":64,"minecraft:smoker":1,"minecraft:minecart":1,"minecraft:wheat":90,"minecraft:acacia_wood":6,"minecraft:crafting_table":5,"minecraft:wooden_pickaxe":2,"minecraft:iron_helmet":2,"minecraft:iron_sword":2,"minecraft:acacia_trapdoor":2,"minecraft:mangrove_planks":12,"minecraft:stone_axe":3,"minecraft:bread":30,"minecraft:acacia_boat":1,"minecraft:air":0,"minecraft:jungle_planks":4,"minecraft:oak_boat":2,"minecraft:iron_chestplate":2,"minecraft:shield":1,"minecraft:stick":64,"minecraft:iron_ingot":46,"minecraft:iron_pickaxe":3,"minecraft:iron_leggings":2,"minecraft:white_bed":2,"minecraft:acacia_planks":72,"minecraft:torch":156,"minecraft:diamond_chestplate":1},"minecraft:killed":{"minecraft:armadillo":5,"minecraft:bogged":4,"minecraft:spider":5,"minecraft:skeleton":16,"minecraft:chicken":1,"minecraft:pig":21,"minecraft:wandering_trader":1,"minecraft:creeper":4,"minecraft:sheep":14,"minecraft:trader_llama":2,"minecraft:zombie":32,"minecraft:cow":16,"minecraft:enderman":2}},"DataVersion":3953}