{"stats":{"minecraft:killed_by":{"minecraft:zombie":1},"minecraft:dropped":{"minecraft:wheat_seeds":11,"minecraft:diamond_leggings":1,"minecraft:iron_helmet":1,"minecraft:granite":1,"minecraft:cornflower":3,"minecraft:melon_slice":22,"minecraft:cooked_salmon":3,"minecraft:diamond_helmet":1,"minecraft:iron_leggings":1,"minecraft:sand":113,"minecraft:string":1,"minecraft:white_wool":2,"minecraft:bone":4,"minecraft:stone_axe":2,"minecraft:pointed_dripstone":1,"minecraft:rotten_flesh":5,"minecraft:light_gray_wool":1,"minecraft:iron_boots":1,"minecraft:diamond_chestplate":1,"minecraft:iron_chestplate":1,"minecraft:oak_sapling":1,"minecraft:wooden_pickaxe":2,"minecraft:stone_pickaxe":2,"minecraft:arrow":4},"minecraft:broken":{"minecraft:stone_pickaxe":1,"minecraft:stone_axe":1,"minecraft:iron_pickaxe":1},"minecraft:used":{"minecraft:stone_shovel":117,"minecraft:chest":3,"minecraft:shield":24,"minecraft:iron_sword":219,"minecraft:cooked_salmon":4,"minecraft:rotten_flesh":7,"minecraft:torch":138,"minecraft:dirt":3,"minecraft:granite":1,"minecraft:light_gray_wool":1,"minecraft:furnace":1,"minecraft:egg":3,"minecraft:cooked_beef":4,"minecraft:diorite":3,"minecraft:stone_pickaxe":171,"minecraft:wooden_pickaxe":34,"minecraft:white_wool":1,"minecraft:sand":11,"minecraft:crafting_table":8,"minecraft:white_bed":8,"minecraft:smoker":1,"minecraft:bread":30,"minecraft:mangrove_propagule":1,"minecraft:melon_slice":25,"minecraft:iron_pickaxe":388,"minecraft:stone_axe":87,"minecraft:cobblestone":31,"minecraft:cooked_porkchop":4,"minecraft:oak_boat":3},"minecraft:custom":{"minecraft:mob_kills":105,"minecraft:interact_with_crafting_table":31,"minecraft:leave_game":9,"minecraft:time_since_death":107782,"minecraft:climb_one_cm":3389,"minecraft:sprint_one_cm":427819,"minecraft:walk_one_cm":265424,"minecraft:damage_blocked_by_shield":710,"minecraft:drop":34,"minecraft:talked_to_villager":1,"minecraft:play_time":141708,"minecraft:sneak_time":7714,"minecraft:deaths":1,"minecraft:walk_under_water_one_cm":19497,"minecraft:boat_one_cm":66720,"minecraft:jump":3612,"minecraft:walk_on_water_one_cm":26875,"minecraft:total_world_time":141708,"minecraft:interact_with_furnace":14,"minecraft:sleep_in_bed":6,"minecraft:time_since_rest":21521,"minecraft:damage_taken":2366,"minecraft:damage_dealt":16018,"minecraft:swim_one_cm":92294,"minecraft:fly_one_cm":747877,"minecraft:open_chest":41,"minecraft:crouch_one_cm":13200,"minecraft:fall_one_cm":117754,"minecraft:interact_with_smoker":6},"minecraft:mined":{"minecraft:white_bed":8,"minecraft:deepslate_diamond_ore":21,"minecraft:granite":4,"minecraft:acacia_log":27,"minecraft:grass_block":5,"minecraft:jungle_log":1,"minecraft:mangrove_propagule":1,"minecraft:hay_block":29,"minecraft:furnace":1,"minecraft:iron_ore":97,"minecraft:fire":1,"minecraft:andesite":8,"minecraft:deepslate_lapis_ore":2,"minecraft:deepslate_iron_ore":16,"minecraft:bamboo":1,"minecraft:stone":145,"minecraft:deepslate_redstone_ore":2,"minecraft:acacia_leaves":1,"minecraft:crafting_table":7,"minecraft:cornflower":3,"minecraft:torch":5,"minecraft:short_grass":17,"minecraft:melon":11,"minecraft:tall_grass":2,"minecraft:cobblestone":6,"minecraft:lapis_ore":8,"minecraft:deepslate_gold_ore":40,"minecraft:sugar_cane":7,"minecraft:oak_planks":1,"minecraft:diorite":3,"minecraft:wall_torch":7,"minecraft:light_gray_wool":1,"minecraft:oak_log":9,"minecraft:coal_ore":194,"minecraft:dripstone_block":2,"minecraft:gravel":2,"minecraft:sand":129,"minecraft:dirt":4,"minecraft:raw_copper_block":2,"minecraft:oak_leaves":3,"minecraft:deepslate":38,"minecraft:fern":1},"minecraft:picked_up":{"minecraft:crafting_table":6,"minecraft:wooden_pickaxe":1,"minecraft:cornflower":3,"minecraft:string":2,"minecraft:cooked_salmon":7,"minecraft:cobbled_deepslate":60,"minecraft:beef":9,"minecraft:oak_boat":3,"minecraft:light_gray_wool":2,"minecraft:melon_slice":50,"minecraft:sugar_cane":25,"minecraft:furnace":1,"minecraft:raw_copper_block":2,"minecraft:egg":4,"minecraft:tipped_arrow":4,"minecraft:stick":1,"minecraft:raw_iron":122,"minecraft:torch":13,"minecraft:acacia_log":26,"minecraft:porkchop":45,"minecraft:pointed_dripstone":1,"minecraft:diorite":3,"minecraft:redstone":9,"minecraft:arrow":23,"minecraft:rotten_flesh":25,"minecraft:stone_shovel":1,"minecraft:hay_block":29,"minecraft:gold_ingot":2,"minecraft:mutton":20,"minecraft:cobblestone":166,"minecraft:white_wool":15,"minecraft:andesite":8,"minecraft:jungle_log":1,"minecraft:leather":8,"minecraft:filled_map":1,"minecraft:oak_log":9,"minecraft:gunpowder":5,"minecraft:lapis_lazuli":56,"minecraft:dirt":7,"minecraft:bone":20,"minecraft:bow":1,"minecraft:wheat_seeds":13,"minecraft:raw_gold":40,"minecraft:heart_of_the_sea":1,"minecraft:stone_pickaxe":1,"minecraft:iron_ingot":26,"minecraft:bamboo":16,"minecraft:iron_sword":1,"minecraft:oak_planks":8,"minecraft:book":2,"minecraft:dripstone_block":4,"minecraft:gravel":7,"minecraft:sand":237,"minecraft:jungle_planks":4,"minecraft:white_bed":6,"minecraft:grass_block":1,"minecraft:spider_eye":1,"minecraft:diamond":21,"minecraft:stone_axe":1,"minecraft:granite":4,"minecraft:emerald":8,"minecraft:oak_sapling":2,"minecraft:mangrove_propagule":1,"minecraft:black_wool":1,"minecraft:coal":240,"minecraft:ender_pearl":2},"minecraft:crafted":{"minecraft:oak_planks":36,"minecraft:stone_shovel":1,"minecraft:furnace":1,"minecraft:cooked_mutton":15,"minecraft:glass":11,"minecraft:diamond_helmet":1,"minecraft:diamond_leggings":1,"minecraft:iron_boots":2,"minecraft:stone_pickaxe":4,"minecraft:chest":3,"minecraft:smoker":1,"minecraft:wheat":90,"minecraft:acacia_wood":6,"minecraft:crafting_table":3,"minecraft:iron_helmet":2,"minecraft:wooden_pickaxe":2,"minecraft:iron_sword":1,"minecraft:stone_axe":3,"minecraft:bread":30,"minecraft:air":0,"minecraft:jungle_planks":4,"minecraft:oak_boat":1,"minecraft:iron_chestplate":2,"minecraft:shield":1,"minecraft:stick":60,"minecraft:iron_ingot":46,"minecraft:iron_pickaxe":2,"minecraft:iron_leggings":2,"minecraft:white_bed":2,"minecraft:acacia_planks":72,"minecraft:torch":156,"minecraft:diamond_chestplate":1},"minecraft:killed":{"minecraft:armadillo":5,"minecraft:bogged":4,"minecraft:spider":5,"minecraft:skeleton":16,"minecraft:pig":19,"minecraft:creeper":3,"minecraft:sheep":13,"minecraft:zombie":31,"minecraft:cow":6,"minecraft:enderman":2}},"DataVersion":3953}