{"stats":{"minecraft:killed_by":{"minecraft:zombie":1},"minecraft:dropped":{"minecraft:iron_sword":1,"minecraft:diamond_axe":2,"minecraft:cooked_porkchop":30,"minecraft:dirt":1,"minecraft:cornflower":3,"minecraft:jungle_sapling":4,"minecraft:sand":306,"minecraft:iron_pickaxe":2,"minecraft:birch_log":12,"minecraft:white_wool":2,"minecraft:bone":4,"minecraft:stone_axe":2,"minecraft:mangrove_roots":36,"minecraft:wheat":1,"minecraft:birch_sapling":4,"minecraft:pointed_dripstone":1,"minecraft:rotten_flesh":12,"minecraft:oak_planks":18,"minecraft:diamond_shovel":1,"minecraft:mangrove_log":2,"minecraft:beetroot_seeds":1,"minecraft:jungle_log":16,"minecraft:arrow":4,"minecraft:netherrack":10,"minecraft:wheat_seeds":54,"minecraft:cherry_log":18,"minecraft:diamond_leggings":1,"minecraft:mangrove_propagule":7,"minecraft:lead":2,"minecraft:iron_helmet":1,"minecraft:apple":2,"minecraft:granite":1,"minecraft:stick":5,"minecraft:melon_slice":22,"minecraft:cherry_planks":1,"minecraft:cooked_salmon":3,"minecraft:diamond_helmet":1,"minecraft:iron_leggings":2,"minecraft:iron_axe":1,"minecraft:orange_bed":1,"minecraft:chainmail_leggings":34,"minecraft:string":1,"minecraft:pink_petals":17,"minecraft:cherry_wood":2,"minecraft:moss_carpet":8,"minecraft:stone_sword":2,"minecraft:cocoa_beans":1,"minecraft:light_gray_wool":1,"minecraft:iron_boots":2,"minecraft:diamond_chestplate":1,"minecraft:iron_chestplate":1,"minecraft:andesite":1,"minecraft:oak_sapling":5,"minecraft:diamond_boots":1,"minecraft:stone_pickaxe":2,"minecraft:wooden_pickaxe":2},"minecraft:broken":{"minecraft:stone_pickaxe":1,"minecraft:stone_axe":1,"minecraft:iron_sword":1,"minecraft:iron_axe":4,"minecraft:iron_pickaxe":4},"minecraft:used":{"minecraft:iron_shovel":244,"minecraft:chest":18,"minecraft:shield":55,"minecraft:iron_sword":327,"minecraft:bell":4,"minecraft:rotten_flesh":7,"minecraft:birch_pressure_plate":2,"minecraft:jungle_planks":18,"minecraft:obsidian":10,"minecraft:jungle_sapling":70,"minecraft:villager_spawn_egg":6,"minecraft:oak_sapling":1,"minecraft:furnace":4,"minecraft:egg":7,"minecraft:diorite":6,"minecraft:acacia_trapdoor":3,"minecraft:stone_pickaxe":171,"minecraft:oak_planks":29,"minecraft:wooden_pickaxe":34,"minecraft:diamond_axe":225,"minecraft:white_wool":2,"minecraft:sand":12,"minecraft:blast_furnace":10,"minecraft:melon_slice":28,"minecraft:bread":48,"minecraft:lectern":96,"minecraft:gravel":43,"minecraft:smithing_table":3,"minecraft:andesite":19,"minecraft:oak_boat":13,"minecraft:air":1,"minecraft:oak_trapdoor":2,"minecraft:cherry_wood":1,"minecraft:enchanting_table":1,"minecraft:flint_and_steel":1,"minecraft:stone_shovel":117,"minecraft:cooked_salmon":4,"minecraft:netherrack":42,"minecraft:orange_bed":3,"minecraft:torch":191,"minecraft:brewing_stand":1,"minecraft:dirt":117,"minecraft:anvil":1,"minecraft:jungle_trapdoor":20,"minecraft:granite":1,"minecraft:iron_axe":1207,"minecraft:jungle_log":14,"minecraft:light_gray_wool":1,"minecraft:basalt":2,"minecraft:minecart":28,"minecraft:cooked_beef":5,"minecraft:cobbled_deepslate":83,"minecraft:acacia_planks":28,"minecraft:cherry_log":2,"minecraft:cooked_mutton":15,"minecraft:acacia_boat":1,"minecraft:water_bucket":18,"minecraft:glass_bottle":7,"minecraft:baked_potato":75,"minecraft:cherry_planks":2,"minecraft:fletching_table":9,"minecraft:cobblestone_slab":14,"minecraft:rail":350,"minecraft:crafting_table":12,"minecraft:white_bed":23,"minecraft:campfire":3,"minecraft:smoker":9,"minecraft:diamond_pickaxe":262,"minecraft:apple":11,"minecraft:mangrove_propagule":3,"minecraft:oak_button":1,"minecraft:iron_pickaxe":1172,"minecraft:stone_axe":87,"minecraft:pink_petals":19,"minecraft:potion":1,"minecraft:cobblestone":466,"minecraft:cooked_porkchop":9,"minecraft:bucket":19,"minecraft:yellow_bed":6},"minecraft:custom":{"minecraft:interact_with_crafting_table":103,"minecraft:open_barrel":1,"minecraft:bell_ring":52,"minecraft:leave_game":17,"minecraft:time_since_death":395645,"minecraft:sprint_one_cm":1685396,"minecraft:damage_blocked_by_shield":1745,"minecraft:drop":123,"minecraft:talked_to_villager":252,"minecraft:play_time":650249,"minecraft:deaths":2,"minecraft:jump":14750,"minecraft:interact_with_brewingstand":9,"minecraft:walk_on_water_one_cm":95357,"minecraft:interact_with_furnace":41,"minecraft:traded_with_villager":388,"minecraft:sleep_in_bed":40,"minecraft:damage_dealt":26880,"minecraft:crouch_one_cm":63433,"minecraft:interact_with_smoker":16,"minecraft:interact_with_smithing_table":1,"minecraft:interact_with_anvil":2,"minecraft:mob_kills":170,"minecraft:climb_one_cm":19652,"minecraft:walk_one_cm":1230408,"minecraft:sneak_time":30106,"minecraft:walk_under_water_one_cm":61799,"minecraft:boat_one_cm":592129,"minecraft:interact_with_blast_furnace":16,"minecraft:total_world_time":650249,"minecraft:time_since_rest":8530,"minecraft:damage_taken":6425,"minecraft:swim_one_cm":172070,"minecraft:fly_one_cm":3682296,"minecraft:open_chest":462,"minecraft:fall_one_cm":516305},"minecraft:mined":{"minecraft:white_bed":25,"minecraft:cherry_log":57,"minecraft:jungle_leaves":187,"minecraft:brewing_stand":1,"minecraft:obsidian":21,"minecraft:granite":4,"minecraft:acacia_log":27,"minecraft:grass_block":62,"minecraft:jungle_log":1056,"minecraft:composter":3,"minecraft:iron_ore":130,"minecraft:cobbled_deepslate":4,"minecraft:fire":4,"minecraft:barrel":2,"minecraft:fletching_table":8,"minecraft:deepslate_lapis_ore":2,"minecraft:enchanting_table":1,"minecraft:orange_bed":5,"minecraft:jungle_trapdoor":3,"minecraft:deepslate_redstone_ore":7,"minecraft:brown_mushroom":9,"minecraft:smoker":9,"minecraft:clay":3,"minecraft:torch":10,"minecraft:blast_furnace":9,"minecraft:melon":12,"minecraft:chest":6,"minecraft:nether_quartz_ore":33,"minecraft:cobblestone":34,"minecraft:grindstone":1,"minecraft:sugar_cane":10,"minecraft:oak_planks":4,"minecraft:wall_torch":13,"minecraft:pink_petals":16,"minecraft:birch_log":12,"minecraft:wheat":12,"minecraft:light_gray_wool":1,"minecraft:oak_log":31,"minecraft:beetroots":1,"minecraft:sand":276,"minecraft:dirt":92,"minecraft:mangrove_log":10,"minecraft:raw_copper_block":2,"minecraft:netherrack":102,"minecraft:oak_leaves":37,"minecraft:deepslate":133,"minecraft:tuff":7,"minecraft:deepslate_diamond_ore":40,"minecraft:mangrove_roots":20,"minecraft:jungle_planks":18,"minecraft:red_mushroom":6,"minecraft:mangrove_propagule":11,"minecraft:hay_block":92,"minecraft:oak_trapdoor":1,"minecraft:furnace":3,"minecraft:carrots":5,"minecraft:acacia_trapdoor":2,"minecraft:jungle_sapling":1,"minecraft:andesite":28,"minecraft:gold_block":2,"minecraft:bell":3,"minecraft:bookshelf":4,"minecraft:potatoes":6,"minecraft:deepslate_iron_ore":29,"minecraft:vine":36,"minecraft:rail":56,"minecraft:bamboo":1,"minecraft:stone":478,"minecraft:birch_pressure_plate":1,"minecraft:smithing_table":2,"minecraft:acacia_leaves":1,"minecraft:basalt":3,"minecraft:crafting_table":8,"minecraft:cornflower":8,"minecraft:short_grass":141,"minecraft:lectern":97,"minecraft:campfire":3,"minecraft:tall_grass":20,"minecraft:copper_ore":8,"minecraft:deepslate_gold_ore":46,"minecraft:lapis_ore":12,"minecraft:lily_pad":3,"minecraft:diorite":12,"minecraft:birch_planks":1,"minecraft:birch_leaves":68,"minecraft:mangrove_leaves":42,"minecraft:bee_nest":2,"minecraft:yellow_bed":14,"minecraft:coal_ore":403,"minecraft:cocoa":2,"minecraft:dripstone_block":2,"minecraft:cherry_leaves":75,"minecraft:sunflower":1,"minecraft:gravel":71,"minecraft:acacia_door":1,"minecraft:acacia_planks":2,"minecraft:fern":18},"minecraft:picked_up":{"minecraft:wheat":4,"minecraft:smithing_table":2,"minecraft:lead":4,"minecraft:brewing_stand":1,"minecraft:string":4,"minecraft:raw_copper":30,"minecraft:cooked_salmon":7,"minecraft:cobbled_deepslate":209,"minecraft:smooth_stone":2,"minecraft:white_tulip":2,"minecraft:iron_pickaxe":1,"minecraft:melon_slice":53,"minecraft:mangrove_log":10,"minecraft:furnace":3,"minecraft:tipped_arrow":8,"minecraft:stick":108,"minecraft:composter":5,"minecraft:torch":26,"minecraft:acacia_log":26,"minecraft:porkchop":57,"minecraft:cherry_log":57,"minecraft:pointed_dripstone":1,"minecraft:diorite":11,"minecraft:orange_bed":7,"minecraft:stone_sword":2,"minecraft:rotten_flesh":28,"minecraft:armadillo_scute":1,"minecraft:mangrove_roots":42,"minecraft:blaze_rod":6,"minecraft:obsidian":20,"minecraft:cobblestone":588,"minecraft:birch_log":12,"minecraft:enchanting_table":1,"minecraft:pink_petals":40,"minecraft:feather":7,"minecraft:cooked_beef":1,"minecraft:cherry_planks":4,"minecraft:andesite":28,"minecraft:jungle_log":1051,"minecraft:smoker":8,"minecraft:potato":6,"minecraft:flint":5,"minecraft:tuff":1,"minecraft:lapis_lazuli":192,"minecraft:dirt":564,"minecraft:bone":30,"minecraft:glass":27,"minecraft:acacia_planks":181,"minecraft:stonecutter":1,"minecraft:bow":1,"minecraft:wheat_seeds":121,"minecraft:orange_tulip":2,"minecraft:raw_gold":126,"minecraft:bell":3,"minecraft:grindstone":3,"minecraft:fletching_table":8,"minecraft:bamboo":24,"minecraft:oak_planks":184,"minecraft:cooked_porkchop":9,"minecraft:jungle_planks":106,"minecraft:sand":448,"minecraft:grass_block":2,"minecraft:barrel":6,"minecraft:jungle_leaves":2,"minecraft:diamond":39,"minecraft:granite":4,"minecraft:emerald":8,"minecraft:bread":2,"minecraft:oak_sapling":19,"minecraft:netherrack":92,"minecraft:cocoa_beans":16,"minecraft:crafting_table":7,"minecraft:bee_nest":2,"minecraft:azure_bluet":8,"minecraft:clay_ball":28,"minecraft:brown_mushroom":9,"minecraft:wooden_pickaxe":1,"minecraft:gold_block":2,"minecraft:brick":24,"minecraft:cornflower":22,"minecraft:jungle_trapdoor":3,"minecraft:moss_carpet":9,"minecraft:acacia_door":1,"minecraft:wooden_sword":1,"minecraft:beef":47,"minecraft:oak_boat":11,"minecraft:jungle_sapling":78,"minecraft:poppy":4,"minecraft:minecart":15,"minecraft:light_gray_wool":2,"minecraft:lectern":97,"minecraft:chest":6,"minecraft:sugar_cane":88,"minecraft:birch_sapling":9,"minecraft:raw_copper_block":4,"minecraft:egg":12,"minecraft:raw_iron":168,"minecraft:carrot":10,"minecraft:redstone":41,"minecraft:arrow":26,"minecraft:stone_shovel":1,"minecraft:beetroot_seeds":1,"minecraft:hay_block":111,"minecraft:gold_ingot":2,"minecraft:mutton":22,"minecraft:rail":185,"minecraft:white_wool":21,"minecraft:oxeye_daisy":2,"minecraft:basalt":2,"minecraft:leather":57,"minecraft:red_mushroom":6,"minecraft:filled_map":1,"minecraft:birch_planks":48,"minecraft:oak_log":30,"minecraft:lily_pad":3,"minecraft:yellow_bed":14,"minecraft:gunpowder":10,"minecraft:birch_pressure_plate":2,"minecraft:apple":19,"minecraft:kelp":2,"minecraft:acacia_trapdoor":2,"minecraft:heart_of_the_sea":1,"minecraft:iron_ingot":26,"minecraft:stone_pickaxe":1,"minecraft:mangrove_planks":56,"minecraft:iron_sword":1,"minecraft:book":16,"minecraft:pumpkin":3,"minecraft:quartz":32,"minecraft:dandelion":4,"minecraft:dripstone_block":4,"minecraft:gravel":70,"minecraft:blast_furnace":9,"minecraft:white_bed":24,"minecraft:spider_eye":4,"minecraft:campfire":3,"minecraft:stone_axe":1,"minecraft:diamond_axe":1,"minecraft:cherry_sapling":16,"minecraft:baked_potato":44,"minecraft:melon_seeds":2,"minecraft:black_wool":1,"minecraft:mangrove_propagule":10,"minecraft:coal":493,"minecraft:sunflower":1,"minecraft:ender_pearl":2},"minecraft:crafted":{"minecraft:oak_planks":560,"minecraft:smooth_stone":6,"minecraft:cherry_wood":3,"minecraft:blaze_powder":2,"minecraft:stone":8,"minecraft:diamond_shovel":4,"minecraft:cooked_mutton":15,"minecraft:glass":17,"minecraft:diamond_helmet":2,"minecraft:diamond_leggings":2,"minecraft:iron_boots":2,"minecraft:chest":14,"minecraft:oak_button":1,"minecraft:rail":64,"minecraft:smoker":1,"minecraft:glass_bottle":6,"minecraft:acacia_wood":6,"minecraft:emerald":328,"minecraft:diamond_axe":2,"minecraft:crafting_table":5,"minecraft:wooden_pickaxe":2,"minecraft:iron_helmet":2,"minecraft:smithing_table":1,"minecraft:fletching_table":1,"minecraft:campfire":1,"minecraft:iron_chestplate":2,"minecraft:diamond_pickaxe":1,"minecraft:shield":1,"minecraft:stick":9708,"minecraft:iron_ingot":92,"minecraft:iron_pickaxe":6,"minecraft:iron_block":3,"minecraft:gold_ingot":18,"minecraft:shears":1,"minecraft:stone_shovel":1,"minecraft:smooth_stone_slab":6,"minecraft:diamond_hoe":9,"minecraft:furnace":3,"minecraft:blast_furnace":1,"minecraft:jungle_trapdoor":18,"minecraft:flint_and_steel":1,"minecraft:oak_trapdoor":2,"minecraft:iron_axe":6,"minecraft:stone_pickaxe":4,"minecraft:diamond_boots":2,"minecraft:chainmail_leggings":34,"minecraft:minecart":1,"minecraft:wheat":171,"minecraft:sugar":2,"minecraft:enchanting_table":1,"minecraft:iron_sword":2,"minecraft:acacia_trapdoor":2,"minecraft:mangrove_planks":12,"minecraft:bucket":1,"minecraft:stone_axe":3,"minecraft:enchanted_book":4,"minecraft:acacia_boat":1,"minecraft:bread":57,"minecraft:air":0,"minecraft:jungle_planks":4084,"minecraft:oak_boat":2,"minecraft:golden_apple":3,"minecraft:fermented_spider_eye":2,"minecraft:iron_shovel":3,"minecraft:iron_leggings":2,"minecraft:anvil":1,"minecraft:white_bed":2,"minecraft:acacia_planks":72,"minecraft:torch":168,"minecraft:diamond_chestplate":2},"minecraft:killed":{"minecraft:spider":7,"minecraft:skeleton":19,"minecraft:chicken":1,"minecraft:piglin":3,"minecraft:pig":21,"minecraft:creeper":5,"minecraft:sheep":14,"minecraft:trader_llama":2,"minecraft:zombie":36,"minecraft:cow":22,"minecraft:blaze":15,"minecraft:armadillo":5,"minecraft:bogged":4,"minecraft:wandering_trader":1,"minecraft:hoglin":2,"minecraft:wither_skeleton":4,"minecraft:villager":6,"minecraft:enderman":2}},"DataVersion":3953}