{"stats":{"minecraft:killed_by":{"minecraft:zombie":1},"minecraft:dropped":{"minecraft:iron_sword":1,"minecraft:wheat_seeds":21,"minecraft:cooked_porkchop":30,"minecraft:diamond_leggings":1,"minecraft:iron_helmet":1,"minecraft:granite":1,"minecraft:cornflower":3,"minecraft:melon_slice":22,"minecraft:cooked_salmon":3,"minecraft:diamond_helmet":1,"minecraft:iron_leggings":1,"minecraft:sand":113,"minecraft:orange_bed":1,"minecraft:string":1,"minecraft:white_wool":2,"minecraft:bone":4,"minecraft:moss_carpet":4,"minecraft:stone_axe":2,"minecraft:mangrove_roots":36,"minecraft:cocoa_beans":1,"minecraft:wheat":1,"minecraft:pointed_dripstone":1,"minecraft:rotten_flesh":5,"minecraft:light_gray_wool":1,"minecraft:iron_boots":1,"minecraft:mangrove_log":2,"minecraft:diamond_chestplate":1,"minecraft:iron_chestplate":1,"minecraft:andesite":1,"minecraft:oak_sapling":1,"minecraft:diamond_boots":1,"minecraft:wooden_pickaxe":2,"minecraft:stone_pickaxe":2,"minecraft:arrow":4},"minecraft:broken":{"minecraft:stone_pickaxe":1,"minecraft:stone_axe":1,"minecraft:iron_pickaxe":1},"minecraft:used":{"minecraft:stone_shovel":117,"minecraft:chest":3,"minecraft:shield":25,"minecraft:iron_sword":227,"minecraft:bell":2,"minecraft:cooked_salmon":4,"minecraft:rotten_flesh":7,"minecraft:orange_bed":2,"minecraft:torch":142,"minecraft:dirt":23,"minecraft:granite":1,"minecraft:iron_axe":86,"minecraft:jungle_log":5,"minecraft:light_gray_wool":1,"minecraft:furnace":1,"minecraft:egg":5,"minecraft:cooked_beef":5,"minecraft:acacia_planks":1,"minecraft:cobbled_deepslate":72,"minecraft:cooked_mutton":6,"minecraft:acacia_boat":1,"minecraft:diorite":3,"minecraft:acacia_trapdoor":3,"minecraft:stone_pickaxe":171,"minecraft:wooden_pickaxe":34,"minecraft:white_wool":2,"minecraft:sand":11,"minecraft:crafting_table":9,"minecraft:white_bed":12,"minecraft:smoker":4,"minecraft:bread":30,"minecraft:mangrove_propagule":2,"minecraft:melon_slice":25,"minecraft:iron_pickaxe":478,"minecraft:stone_axe":87,"minecraft:cobblestone":31,"minecraft:cooked_porkchop":6,"minecraft:oak_boat":6},"minecraft:custom":{"minecraft:mob_kills":107,"minecraft:interact_with_crafting_table":36,"minecraft:bell_ring":22,"minecraft:leave_game":9,"minecraft:time_since_death":173782,"minecraft:climb_one_cm":10433,"minecraft:sprint_one_cm":579219,"minecraft:walk_one_cm":393371,"minecraft:damage_blocked_by_shield":735,"minecraft:drop":48,"minecraft:talked_to_villager":4,"minecraft:play_time":207708,"minecraft:sneak_time":10363,"minecraft:deaths":1,"minecraft:walk_under_water_one_cm":27294,"minecraft:boat_one_cm":188375,"minecraft:jump":4883,"minecraft:walk_on_water_one_cm":45188,"minecraft:total_world_time":207708,"minecraft:interact_with_furnace":17,"minecraft:sleep_in_bed":11,"minecraft:time_since_rest":9668,"minecraft:damage_taken":2678,"minecraft:damage_dealt":16335,"minecraft:swim_one_cm":103543,"minecraft:fly_one_cm":1021854,"minecraft:open_chest":72,"minecraft:crouch_one_cm":20503,"minecraft:fall_one_cm":161499,"minecraft:interact_with_smoker":7},"minecraft:mined":{"minecraft:white_bed":13,"minecraft:deepslate_diamond_ore":24,"minecraft:jungle_leaves":74,"minecraft:mangrove_roots":20,"minecraft:granite":4,"minecraft:acacia_log":27,"minecraft:grass_block":28,"minecraft:jungle_log":24,"minecraft:mangrove_propagule":10,"minecraft:hay_block":29,"minecraft:furnace":1,"minecraft:acacia_trapdoor":2,"minecraft:cobbled_deepslate":4,"minecraft:iron_ore":97,"minecraft:fire":1,"minecraft:andesite":8,"minecraft:deepslate_lapis_ore":2,"minecraft:bell":1,"minecraft:vine":2,"minecraft:deepslate_iron_ore":16,"minecraft:bamboo":1,"minecraft:stone":148,"minecraft:orange_bed":4,"minecraft:deepslate_redstone_ore":2,"minecraft:acacia_leaves":1,"minecraft:smoker":6,"minecraft:clay":3,"minecraft:crafting_table":7,"minecraft:cornflower":3,"minecraft:torch":6,"minecraft:short_grass":98,"minecraft:melon":12,"minecraft:tall_grass":2,"minecraft:cobblestone":6,"minecraft:lily_pad":3,"minecraft:lapis_ore":8,"minecraft:deepslate_gold_ore":40,"minecraft:grindstone":1,"minecraft:sugar_cane":7,"minecraft:oak_planks":1,"minecraft:diorite":3,"minecraft:wall_torch":7,"minecraft:birch_log":12,"minecraft:birch_leaves":68,"minecraft:light_gray_wool":1,"minecraft:mangrove_leaves":42,"minecraft:oak_log":21,"minecraft:coal_ore":194,"minecraft:cocoa":2,"minecraft:acacia_door":1,"minecraft:dripstone_block":2,"minecraft:gravel":2,"minecraft:sand":130,"minecraft:dirt":16,"minecraft:mangrove_log":10,"minecraft:acacia_planks":1,"minecraft:raw_copper_block":2,"minecraft:oak_leaves":32,"minecraft:deepslate":109,"minecraft:fern":16},"minecraft:picked_up":{"minecraft:cocoa_beans":16,"minecraft:crafting_table":6,"minecraft:wheat":1,"minecraft:clay_ball":12,"minecraft:wooden_pickaxe":1,"minecraft:cornflower":3,"minecraft:moss_carpet":8,"minecraft:string":2,"minecraft:acacia_door":1,"minecraft:cooked_salmon":7,"minecraft:cobbled_deepslate":135,"minecraft:beef":9,"minecraft:oak_boat":5,"minecraft:jungle_sapling":4,"minecraft:light_gray_wool":2,"minecraft:melon_slice":53,"minecraft:sugar_cane":25,"minecraft:birch_sapling":4,"minecraft:mangrove_log":10,"minecraft:furnace":1,"minecraft:raw_copper_block":2,"minecraft:egg":6,"minecraft:tipped_arrow":4,"minecraft:stick":6,"minecraft:raw_iron":122,"minecraft:torch":14,"minecraft:acacia_log":26,"minecraft:porkchop":45,"minecraft:pointed_dripstone":1,"minecraft:diorite":3,"minecraft:redstone":9,"minecraft:orange_bed":4,"minecraft:arrow":23,"minecraft:rotten_flesh":27,"minecraft:stone_shovel":1,"minecraft:hay_block":29,"minecraft:mangrove_roots":36,"minecraft:gold_ingot":2,"minecraft:mutton":21,"minecraft:cobblestone":169,"minecraft:white_wool":16,"minecraft:birch_log":12,"minecraft:cooked_beef":1,"minecraft:andesite":8,"minecraft:jungle_log":22,"minecraft:leather":8,"minecraft:smoker":5,"minecraft:filled_map":1,"minecraft:oak_log":20,"minecraft:lily_pad":3,"minecraft:gunpowder":5,"minecraft:lapis_lazuli":56,"minecraft:dirt":39,"minecraft:bone":20,"minecraft:acacia_planks":1,"minecraft:apple":1,"minecraft:bow":1,"minecraft:acacia_trapdoor":2,"minecraft:wheat_seeds":30,"minecraft:raw_gold":40,"minecraft:bell":1,"minecraft:grindstone":1,"minecraft:heart_of_the_sea":1,"minecraft:stone_pickaxe":1,"minecraft:iron_ingot":26,"minecraft:bamboo":16,"minecraft:iron_sword":1,"minecraft:oak_planks":8,"minecraft:book":2,"minecraft:dripstone_block":4,"minecraft:gravel":7,"minecraft:sand":238,"minecraft:jungle_planks":4,"minecraft:white_bed":11,"minecraft:grass_block":1,"minecraft:spider_eye":1,"minecraft:diamond":24,"minecraft:stone_axe":1,"minecraft:granite":4,"minecraft:emerald":8,"minecraft:melon_seeds":1,"minecraft:oak_sapling":6,"minecraft:mangrove_propagule":9,"minecraft:black_wool":1,"minecraft:coal":278,"minecraft:ender_pearl":2},"minecraft:crafted":{"minecraft:oak_planks":36,"minecraft:stone_shovel":1,"minecraft:furnace":1,"minecraft:cooked_mutton":15,"minecraft:glass":11,"minecraft:diamond_helmet":1,"minecraft:diamond_leggings":1,"minecraft:iron_boots":2,"minecraft:iron_axe":1,"minecraft:stone_pickaxe":4,"minecraft:chest":3,"minecraft:diamond_boots":1,"minecraft:rail":64,"minecraft:minecart":1,"minecraft:smoker":1,"minecraft:wheat":90,"minecraft:acacia_wood":6,"minecraft:crafting_table":3,"minecraft:iron_helmet":2,"minecraft:wooden_pickaxe":2,"minecraft:iron_sword":1,"minecraft:acacia_trapdoor":2,"minecraft:stone_axe":3,"minecraft:acacia_boat":1,"minecraft:bread":30,"minecraft:air":0,"minecraft:jungle_planks":4,"minecraft:oak_boat":1,"minecraft:iron_chestplate":2,"minecraft:shield":1,"minecraft:stick":64,"minecraft:iron_ingot":46,"minecraft:iron_pickaxe":2,"minecraft:iron_leggings":2,"minecraft:white_bed":2,"minecraft:acacia_planks":72,"minecraft:torch":156,"minecraft:diamond_chestplate":1},"minecraft:killed":{"minecraft:armadillo":5,"minecraft:bogged":4,"minecraft:spider":5,"minecraft:skeleton":16,"minecraft:pig":19,"minecraft:creeper":3,"minecraft:sheep":14,"minecraft:zombie":32,"minecraft:cow":6,"minecraft:enderman":2}},"DataVersion":3953}