{"stats":{"minecraft:custom":{"minecraft:interact_with_furnace":26,"minecraft:mob_kills":16,"minecraft:interact_with_crafting_table":16,"minecraft:interact_with_grindstone":1,"minecraft:leave_game":1,"minecraft:time_since_death":92023,"minecraft:sleep_in_bed":11,"minecraft:climb_one_cm":1380,"minecraft:time_since_rest":4501,"minecraft:sprint_one_cm":501133,"minecraft:damage_taken":774,"minecraft:walk_one_cm":423739,"minecraft:drop":6,"minecraft:damage_dealt":1764,"minecraft:swim_one_cm":979,"minecraft:fly_one_cm":136821,"minecraft:open_chest":54,"minecraft:play_time":125739,"minecraft:deaths":2,"minecraft:sneak_time":52,"minecraft:walk_under_water_one_cm":9589,"minecraft:boat_one_cm":71193,"minecraft:jump":1337,"minecraft:interact_with_smoker":1,"minecraft:walk_on_water_one_cm":14711,"minecraft:total_world_time":125739,"minecraft:fall_one_cm":28907},"minecraft:crafted":{"minecraft:cooked_beef":21,"minecraft:wooden_sword":1,"minecraft:oak_planks":84,"minecraft:cooked_porkchop":15,"minecraft:crafting_table":1,"minecraft:wooden_pickaxe":1,"minecraft:furnace":1,"minecraft:stone_axe":1,"minecraft:glass":36,"minecraft:stick":8,"minecraft:oak_stairs":4,"minecraft:wooden_axe":1,"minecraft:chest":1,"minecraft:acacia_door":3,"minecraft:oak_button":1,"minecraft:acacia_planks":220},"minecraft:mined":{"minecraft:acacia_leaves":9,"minecraft:white_bed":1,"minecraft:crafting_table":2,"minecraft:cornflower":12,"minecraft:torch":2,"minecraft:granite":1,"minecraft:short_grass":34,"minecraft:acacia_log":69,"minecraft:grass_block":11,"minecraft:chest":3,"minecraft:jungle_log":22,"minecraft:cobblestone":1,"minecraft:tall_grass":3,"minecraft:oak_planks":8,"minecraft:sugar_cane":9,"minecraft:oxeye_daisy":1,"minecraft:wall_torch":3,"minecraft:magma_block":7,"minecraft:furnace":1,"minecraft:birch_log":6,"minecraft:wheat":2,"minecraft:pumpkin":3,"minecraft:azure_bluet":8,"minecraft:bell":1,"minecraft:oak_log":30,"minecraft:coal_ore":56,"minecraft:vine":3,"minecraft:dirt":6,"minecraft:sand":54,"minecraft:acacia_planks":23,"minecraft:stone":22,"minecraft:orange_bed":1,"minecraft:oak_leaves":6},"minecraft:picked_up":{"minecraft:wooden_axe":1,"minecraft:birch_log":6,"minecraft:wheat":2,"minecraft:crafting_table":3,"minecraft:magma_block":7,"minecraft:iron_chestplate":1,"minecraft:azure_bluet":8,"minecraft:feather":4,"minecraft:chicken":2,"minecraft:jungle_log":22,"minecraft:leather":16,"minecraft:wooden_pickaxe":1,"minecraft:filled_map":1,"minecraft:oak_log":30,"minecraft:lapis_lazuli":3,"minecraft:dirt":17,"minecraft:cornflower":14,"minecraft:wooden_sword":1,"minecraft:cooked_salmon":3,"minecraft:iron_leggings":1,"minecraft:bone":4,"minecraft:acacia_planks":23,"minecraft:diamond_leggings":1,"minecraft:wheat_seeds":33,"minecraft:bell":1,"minecraft:iron_ingot":2,"minecraft:heart_of_the_sea":1,"minecraft:oak_boat":1,"minecraft:beef":12,"minecraft:stone_pickaxe":3,"minecraft:diamond_helmet":1,"minecraft:light_gray_wool":1,"minecraft:bamboo":8,"minecraft:melon_slice":22,"minecraft:sugar_cane":38,"minecraft:chest":3,"minecraft:acacia_sapling":5,"minecraft:oak_planks":8,"minecraft:furnace":1,"minecraft:iron_boots":1,"minecraft:egg":9,"minecraft:book":2,"minecraft:stick":5,"minecraft:raw_iron":1,"minecraft:cooked_porkchop":23,"minecraft:pumpkin":3,"minecraft:torch":5,"minecraft:acacia_log":73,"minecraft:porkchop":10,"minecraft:sand":55,"minecraft:grass_block":1,"minecraft:white_bed":4,"minecraft:diamond_chestplate":1,"minecraft:orange_bed":1,"minecraft:stone_shovel":1,"minecraft:rotten_flesh":12,"minecraft:stone_axe":2,"minecraft:iron_helmet":1,"minecraft:armadillo_scute":1,"minecraft:granite":1,"minecraft:bread":2,"minecraft:gold_ingot":2,"minecraft:emerald":8,"minecraft:oak_sapling":1,"minecraft:black_wool":1,"minecraft:melon_seeds":2,"minecraft:mutton":10,"minecraft:coal":107,"minecraft:ender_pearl":1,"minecraft:white_wool":7,"minecraft:cobblestone":30,"minecraft:oxeye_daisy":1},"minecraft:broken":{"minecraft:stone_axe":1,"minecraft:stone_shovel":1},"minecraft:killed_by":{"minecraft:zombie":1},"minecraft:dropped":{"minecraft:crafting_table":1,"minecraft:white_bed":1,"minecraft:white_wool":4},"minecraft:killed":{"minecraft:pig":4,"minecraft:sheep":4,"minecraft:skeleton":1,"minecraft:chicken":1,"minecraft:cow":6},"minecraft:used":{"minecraft:stone_shovel":14,"minecraft:stone_pickaxe":81,"minecraft:oak_planks":61,"minecraft:chest":3,"minecraft:wooden_pickaxe":13,"minecraft:cooked_salmon":3,"minecraft:iron_chestplate":1,"minecraft:orange_bed":1,"minecraft:torch":5,"minecraft:dirt":10,"minecraft:crafting_table":2,"minecraft:white_bed":2,"minecraft:glass":20,"minecraft:wooden_axe":11,"minecraft:acacia_door":2,"minecraft:oak_stairs":4,"minecraft:melon_slice":13,"minecraft:diamond_chestplate":2,"minecraft:stone_axe":203,"minecraft:wooden_sword":19,"minecraft:oak_sapling":1,"minecraft:cooked_porkchop":2,"minecraft:furnace":2,"minecraft:diamond_leggings":1,"minecraft:egg":5,"minecraft:cooked_beef":5,"minecraft:acacia_planks":122}},"DataVersion":3953}