{"stats":{"minecraft:killed_by":{"minecraft:zombie":1},"minecraft:dropped":{"minecraft:crafting_table":1,"minecraft:white_bed":1,"minecraft:white_wool":4},"minecraft:broken":{"minecraft:stone_axe":1,"minecraft:stone_shovel":1},"minecraft:used":{"minecraft:stone_pickaxe":81,"minecraft:stone_shovel":14,"minecraft:oak_planks":62,"minecraft:chest":3,"minecraft:wooden_pickaxe":13,"minecraft:cooked_salmon":3,"minecraft:iron_chestplate":1,"minecraft:orange_bed":1,"minecraft:torch":5,"minecraft:dirt":10,"minecraft:crafting_table":2,"minecraft:white_bed":2,"minecraft:glass":20,"minecraft:wooden_axe":11,"minecraft:acacia_door":2,"minecraft:oak_stairs":4,"minecraft:melon_slice":13,"minecraft:acacia_fence_gate":1,"minecraft:diamond_chestplate":2,"minecraft:stone_axe":208,"minecraft:wooden_sword":64,"minecraft:oak_sapling":1,"minecraft:furnace":2,"minecraft:cooked_porkchop":2,"minecraft:acacia_fence":15,"minecraft:diamond_leggings":1,"minecraft:cooked_beef":6,"minecraft:egg":5,"minecraft:acacia_planks":126},"minecraft:mined":{"minecraft:acacia_leaves":9,"minecraft:white_bed":1,"minecraft:crafting_table":2,"minecraft:cornflower":12,"minecraft:torch":2,"minecraft:granite":1,"minecraft:short_grass":81,"minecraft:acacia_log":69,"minecraft:grass_block":11,"minecraft:chest":3,"minecraft:jungle_log":22,"minecraft:tall_grass":3,"minecraft:cobblestone":1,"minecraft:oak_planks":9,"minecraft:sugar_cane":9,"minecraft:oxeye_daisy":1,"minecraft:wall_torch":3,"minecraft:magma_block":7,"minecraft:furnace":1,"minecraft:birch_log":6,"minecraft:wheat":2,"minecraft:pumpkin":3,"minecraft:azure_bluet":8,"minecraft:bell":1,"minecraft:coal_ore":56,"minecraft:oak_log":30,"minecraft:vine":3,"minecraft:sand":54,"minecraft:dirt":6,"minecraft:acacia_planks":27,"minecraft:stone":22,"minecraft:oak_leaves":6,"minecraft:orange_bed":1},"minecraft:custom":{"minecraft:interact_with_furnace":29,"minecraft:mob_kills":16,"minecraft:interact_with_crafting_table":26,"minecraft:interact_with_grindstone":1,"minecraft:leave_game":2,"minecraft:time_since_death":102821,"minecraft:sleep_in_bed":12,"minecraft:climb_one_cm":1380,"minecraft:time_since_rest":9307,"minecraft:sprint_one_cm":516574,"minecraft:damage_taken":774,"minecraft:walk_one_cm":451533,"minecraft:drop":6,"minecraft:damage_dealt":1764,"minecraft:swim_one_cm":979,"minecraft:fly_one_cm":140699,"minecraft:open_chest":59,"minecraft:play_time":136537,"minecraft:sneak_time":52,"minecraft:deaths":2,"minecraft:walk_under_water_one_cm":9589,"minecraft:boat_one_cm":71193,"minecraft:jump":1359,"minecraft:walk_on_water_one_cm":14711,"minecraft:total_world_time":136537,"minecraft:interact_with_smoker":1,"minecraft:fall_one_cm":29743},"minecraft:picked_up":{"minecraft:wooden_axe":1,"minecraft:birch_log":6,"minecraft:crafting_table":3,"minecraft:iron_chestplate":1,"minecraft:magma_block":7,"minecraft:wheat":2,"minecraft:azure_bluet":8,"minecraft:feather":4,"minecraft:chicken":2,"minecraft:jungle_log":22,"minecraft:leather":16,"minecraft:wooden_pickaxe":1,"minecraft:filled_map":1,"minecraft:oak_log":30,"minecraft:cornflower":14,"minecraft:lapis_lazuli":3,"minecraft:dirt":17,"minecraft:cooked_salmon":3,"minecraft:wooden_sword":1,"minecraft:iron_leggings":1,"minecraft:bone":4,"minecraft:acacia_planks":27,"minecraft:wheat_seeds":45,"minecraft:diamond_leggings":1,"minecraft:bell":1,"minecraft:heart_of_the_sea":1,"minecraft:iron_ingot":2,"minecraft:beef":12,"minecraft:stone_pickaxe":3,"minecraft:oak_boat":1,"minecraft:light_gray_wool":1,"minecraft:diamond_helmet":1,"minecraft:bamboo":8,"minecraft:melon_slice":22,"minecraft:sugar_cane":38,"minecraft:chest":3,"minecraft:oak_planks":9,"minecraft:acacia_sapling":5,"minecraft:furnace":1,"minecraft:iron_boots":1,"minecraft:egg":9,"minecraft:book":2,"minecraft:stick":5,"minecraft:raw_iron":1,"minecraft:cooked_porkchop":23,"minecraft:pumpkin":3,"minecraft:torch":5,"minecraft:acacia_log":73,"minecraft:porkchop":10,"minecraft:sand":55,"minecraft:white_bed":4,"minecraft:grass_block":1,"minecraft:orange_bed":1,"minecraft:rotten_flesh":12,"minecraft:stone_shovel":1,"minecraft:diamond_chestplate":1,"minecraft:stone_axe":2,"minecraft:iron_helmet":1,"minecraft:granite":1,"minecraft:armadillo_scute":1,"minecraft:emerald":8,"minecraft:gold_ingot":2,"minecraft:bread":2,"minecraft:oak_sapling":1,"minecraft:melon_seeds":2,"minecraft:black_wool":1,"minecraft:mutton":10,"minecraft:coal":107,"minecraft:ender_pearl":1,"minecraft:white_wool":7,"minecraft:cobblestone":30,"minecraft:oxeye_daisy":1},"minecraft:crafted":{"minecraft:cooked_beef":21,"minecraft:wooden_sword":1,"minecraft:oak_planks":84,"minecraft:cooked_porkchop":15,"minecraft:crafting_table":1,"minecraft:wooden_pickaxe":1,"minecraft:acacia_fence_gate":2,"minecraft:furnace":1,"minecraft:stone_axe":1,"minecraft:glass":36,"minecraft:stick":32,"minecraft:iron_ingot":38,"minecraft:acacia_fence":18,"minecraft:wooden_axe":1,"minecraft:oak_stairs":4,"minecraft:chest":1,"minecraft:acacia_door":3,"minecraft:oak_button":1,"minecraft:acacia_planks":276},"minecraft:killed":{"minecraft:pig":4,"minecraft:sheep":4,"minecraft:skeleton":1,"minecraft:chicken":1,"minecraft:cow":6}},"DataVersion":3953}