{"stats":{"minecraft:killed_by":{"minecraft:zombie":1},"minecraft:dropped":{"minecraft:wheat_seeds":3,"minecraft:cooked_beef":1,"minecraft:crafting_table":1,"minecraft:white_wool":4,"minecraft:white_bed":2},"minecraft:broken":{"minecraft:stone_axe":1,"minecraft:stone_shovel":1},"minecraft:used":{"minecraft:stone_shovel":14,"minecraft:chest":6,"minecraft:iron_sword":9,"minecraft:cooked_salmon":3,"minecraft:iron_chestplate":1,"minecraft:orange_bed":5,"minecraft:torch":5,"minecraft:dirt":19,"minecraft:acacia_sapling":11,"minecraft:glass":20,"minecraft:wooden_axe":11,"minecraft:mangrove_log":1,"minecraft:oak_stairs":4,"minecraft:diamond_chestplate":2,"minecraft:furnace":2,"minecraft:oak_sapling":1,"minecraft:acacia_fence":15,"minecraft:egg":5,"minecraft:cooked_beef":15,"minecraft:acacia_planks":127,"minecraft:diamond_boots":1,"minecraft:stone_pickaxe":83,"minecraft:oak_planks":64,"minecraft:wooden_pickaxe":13,"minecraft:white_wool":1,"minecraft:crafting_table":2,"minecraft:white_bed":2,"minecraft:smoker":2,"minecraft:acacia_door":2,"minecraft:melon_slice":13,"minecraft:acacia_fence_gate":1,"minecraft:stone_axe":278,"minecraft:wooden_sword":66,"minecraft:cooked_porkchop":2,"minecraft:diamond_leggings":1},"minecraft:custom":{"minecraft:mob_kills":18,"minecraft:animals_bred":2,"minecraft:interact_with_crafting_table":28,"minecraft:leave_game":2,"minecraft:time_since_death":180821,"minecraft:climb_one_cm":7052,"minecraft:sprint_one_cm":765181,"minecraft:walk_one_cm":665849,"minecraft:drop":11,"minecraft:talked_to_villager":8,"minecraft:play_time":214537,"minecraft:deaths":2,"minecraft:sneak_time":128,"minecraft:walk_under_water_one_cm":20384,"minecraft:boat_one_cm":368032,"minecraft:jump":2132,"minecraft:walk_on_water_one_cm":37294,"minecraft:total_world_time":214537,"minecraft:interact_with_furnace":31,"minecraft:interact_with_grindstone":1,"minecraft:sleep_in_bed":18,"minecraft:time_since_rest":8772,"minecraft:damage_taken":1058,"minecraft:damage_dealt":1972,"minecraft:swim_one_cm":7386,"minecraft:fly_one_cm":213809,"minecraft:open_chest":81,"minecraft:interact_with_smoker":1,"minecraft:fall_one_cm":47568},"minecraft:mined":{"minecraft:white_bed":1,"minecraft:jungle_leaves":47,"minecraft:mangrove_roots":1,"minecraft:granite":1,"minecraft:acacia_log":108,"minecraft:grass_block":16,"minecraft:jungle_log":25,"minecraft:oxeye_daisy":1,"minecraft:magma_block":7,"minecraft:furnace":1,"minecraft:pumpkin":3,"minecraft:azure_bluet":8,"minecraft:bell":1,"minecraft:vine":5,"minecraft:stone":22,"minecraft:white_wool":2,"minecraft:orange_bed":5,"minecraft:acacia_leaves":12,"minecraft:smoker":1,"minecraft:clay":10,"minecraft:crafting_table":2,"minecraft:cornflower":13,"minecraft:torch":2,"minecraft:short_grass":108,"minecraft:chest":5,"minecraft:tall_grass":7,"minecraft:cobblestone":1,"minecraft:lily_pad":3,"minecraft:sugar_cane":10,"minecraft:oak_planks":10,"minecraft:wall_torch":3,"minecraft:acacia_sapling":5,"minecraft:birch_log":6,"minecraft:wheat":2,"minecraft:birch_leaves":6,"minecraft:mangrove_leaves":21,"minecraft:oak_log":40,"minecraft:coal_ore":56,"minecraft:sand":54,"minecraft:dirt":15,"minecraft:mangrove_log":8,"minecraft:acacia_planks":28,"minecraft:stonecutter":1,"minecraft:oak_leaves":167,"minecraft:fern":9},"minecraft:picked_up":{"minecraft:wooden_axe":1,"minecraft:iron_chestplate":1,"minecraft:crafting_table":3,"minecraft:wheat":3,"minecraft:azure_bluet":8,"minecraft:chicken":2,"minecraft:clay_ball":40,"minecraft:wooden_pickaxe":1,"minecraft:cornflower":15,"minecraft:moss_carpet":1,"minecraft:cooked_salmon":3,"minecraft:wooden_sword":1,"minecraft:iron_leggings":1,"minecraft:diamond_leggings":1,"minecraft:beef":17,"minecraft:oak_boat":1,"minecraft:jungle_sapling":2,"minecraft:light_gray_wool":1,"minecraft:sugar_cane":39,"minecraft:melon_slice":22,"minecraft:chest":5,"minecraft:mangrove_log":10,"minecraft:egg":11,"minecraft:iron_boots":1,"minecraft:furnace":1,"minecraft:stick":15,"minecraft:raw_iron":1,"minecraft:torch":5,"minecraft:acacia_log":111,"minecraft:porkchop":13,"minecraft:orange_bed":6,"minecraft:diamond_chestplate":1,"minecraft:stone_shovel":1,"minecraft:rotten_flesh":12,"minecraft:diamond_boots":1,"minecraft:armadillo_scute":1,"minecraft:mangrove_roots":3,"minecraft:gold_ingot":2,"minecraft:mutton":10,"minecraft:white_wool":9,"minecraft:cobblestone":30,"minecraft:oxeye_daisy":1,"minecraft:birch_log":6,"minecraft:magma_block":7,"minecraft:feather":4,"minecraft:jungle_log":27,"minecraft:leather":18,"minecraft:smoker":2,"minecraft:potato":14,"minecraft:filled_map":1,"minecraft:oak_log":41,"minecraft:lily_pad":11,"minecraft:lapis_lazuli":3,"minecraft:dirt":31,"minecraft:bone":4,"minecraft:acacia_planks":28,"minecraft:apple":2,"minecraft:stonecutter":1,"minecraft:wheat_seeds":57,"minecraft:bell":1,"minecraft:stone_pickaxe":3,"minecraft:heart_of_the_sea":1,"minecraft:iron_ingot":2,"minecraft:diamond_helmet":1,"minecraft:bamboo":8,"minecraft:iron_sword":1,"minecraft:acacia_sapling":11,"minecraft:oak_planks":10,"minecraft:book":2,"minecraft:cooked_porkchop":23,"minecraft:pumpkin":3,"minecraft:sand":55,"minecraft:white_bed":5,"minecraft:grass_block":1,"minecraft:stone_axe":2,"minecraft:iron_helmet":1,"minecraft:granite":1,"minecraft:bread":2,"minecraft:emerald":8,"minecraft:oak_sapling":9,"minecraft:black_wool":1,"minecraft:melon_seeds":2,"minecraft:coal":107,"minecraft:ender_pearl":1},"minecraft:crafted":{"minecraft:wooden_sword":1,"minecraft:oak_planks":84,"minecraft:furnace":1,"minecraft:acacia_fence_gate":2,"minecraft:glass":36,"minecraft:chest":2,"minecraft:oak_button":1,"minecraft:acacia_fence":18,"minecraft:cooked_beef":21,"minecraft:cooked_porkchop":16,"minecraft:crafting_table":1,"minecraft:wooden_pickaxe":1,"minecraft:stone_axe":1,"minecraft:stick":32,"minecraft:iron_ingot":67,"minecraft:oak_stairs":4,"minecraft:wooden_axe":1,"minecraft:acacia_door":3,"minecraft:acacia_planks":428},"minecraft:killed":{"minecraft:skeleton":1,"minecraft:chicken":1,"minecraft:pig":4,"minecraft:sheep":4,"minecraft:cow":8}},"DataVersion":3953}