{"stats":{"minecraft:killed_by":{"minecraft:zombie":1},"minecraft:dropped":{"minecraft:crafting_table":1,"minecraft:white_wool":4,"minecraft:white_bed":1},"minecraft:broken":{"minecraft:stone_axe":1,"minecraft:stone_shovel":1},"minecraft:used":{"minecraft:stone_shovel":14,"minecraft:chest":5,"minecraft:cooked_salmon":3,"minecraft:iron_chestplate":1,"minecraft:orange_bed":2,"minecraft:torch":5,"minecraft:dirt":18,"minecraft:acacia_sapling":11,"minecraft:glass":20,"minecraft:wooden_axe":11,"minecraft:oak_stairs":4,"minecraft:diamond_chestplate":2,"minecraft:furnace":2,"minecraft:oak_sapling":1,"minecraft:acacia_fence":15,"minecraft:egg":5,"minecraft:cooked_beef":8,"minecraft:acacia_planks":127,"minecraft:diamond_boots":1,"minecraft:stone_pickaxe":82,"minecraft:oak_planks":64,"minecraft:wooden_pickaxe":13,"minecraft:white_wool":1,"minecraft:crafting_table":2,"minecraft:white_bed":2,"minecraft:smoker":2,"minecraft:acacia_door":2,"minecraft:melon_slice":13,"minecraft:acacia_fence_gate":1,"minecraft:stone_axe":253,"minecraft:wooden_sword":66,"minecraft:cooked_porkchop":2,"minecraft:diamond_leggings":1},"minecraft:custom":{"minecraft:mob_kills":16,"minecraft:animals_bred":2,"minecraft:interact_with_crafting_table":27,"minecraft:leave_game":2,"minecraft:time_since_death":132821,"minecraft:climb_one_cm":1380,"minecraft:sprint_one_cm":647422,"minecraft:walk_one_cm":556536,"minecraft:drop":6,"minecraft:talked_to_villager":8,"minecraft:play_time":166537,"minecraft:deaths":2,"minecraft:sneak_time":54,"minecraft:walk_under_water_one_cm":9589,"minecraft:boat_one_cm":71267,"minecraft:jump":1687,"minecraft:walk_on_water_one_cm":14711,"minecraft:total_world_time":166537,"minecraft:interact_with_furnace":31,"minecraft:interact_with_grindstone":1,"minecraft:sleep_in_bed":15,"minecraft:time_since_rest":23,"minecraft:damage_taken":853,"minecraft:damage_dealt":1768,"minecraft:swim_one_cm":979,"minecraft:fly_one_cm":182830,"minecraft:open_chest":77,"minecraft:interact_with_smoker":1,"minecraft:fall_one_cm":37990},"minecraft:mined":{"minecraft:white_bed":1,"minecraft:granite":1,"minecraft:acacia_log":108,"minecraft:grass_block":11,"minecraft:jungle_log":22,"minecraft:oxeye_daisy":1,"minecraft:magma_block":7,"minecraft:furnace":1,"minecraft:pumpkin":3,"minecraft:azure_bluet":8,"minecraft:bell":1,"minecraft:vine":3,"minecraft:stone":22,"minecraft:white_wool":2,"minecraft:orange_bed":1,"minecraft:acacia_leaves":12,"minecraft:smoker":1,"minecraft:crafting_table":2,"minecraft:cornflower":13,"minecraft:torch":2,"minecraft:short_grass":93,"minecraft:chest":4,"minecraft:tall_grass":7,"minecraft:cobblestone":1,"minecraft:sugar_cane":9,"minecraft:oak_planks":10,"minecraft:wall_torch":3,"minecraft:acacia_sapling":5,"minecraft:birch_log":6,"minecraft:wheat":2,"minecraft:oak_log":30,"minecraft:coal_ore":56,"minecraft:sand":54,"minecraft:dirt":14,"minecraft:acacia_planks":28,"minecraft:oak_leaves":6},"minecraft:picked_up":{"minecraft:wooden_axe":1,"minecraft:iron_chestplate":1,"minecraft:crafting_table":3,"minecraft:wheat":3,"minecraft:azure_bluet":8,"minecraft:chicken":2,"minecraft:wooden_pickaxe":1,"minecraft:cornflower":15,"minecraft:cooked_salmon":3,"minecraft:wooden_sword":1,"minecraft:iron_leggings":1,"minecraft:diamond_leggings":1,"minecraft:beef":12,"minecraft:oak_boat":1,"minecraft:light_gray_wool":1,"minecraft:sugar_cane":38,"minecraft:melon_slice":22,"minecraft:chest":4,"minecraft:egg":11,"minecraft:iron_boots":1,"minecraft:furnace":1,"minecraft:stick":5,"minecraft:raw_iron":1,"minecraft:torch":5,"minecraft:acacia_log":111,"minecraft:porkchop":10,"minecraft:orange_bed":2,"minecraft:diamond_chestplate":1,"minecraft:stone_shovel":1,"minecraft:rotten_flesh":12,"minecraft:diamond_boots":1,"minecraft:armadillo_scute":1,"minecraft:gold_ingot":2,"minecraft:mutton":10,"minecraft:white_wool":9,"minecraft:cobblestone":30,"minecraft:oxeye_daisy":1,"minecraft:birch_log":6,"minecraft:magma_block":7,"minecraft:feather":4,"minecraft:jungle_log":22,"minecraft:leather":16,"minecraft:smoker":2,"minecraft:filled_map":1,"minecraft:oak_log":30,"minecraft:lapis_lazuli":3,"minecraft:dirt":25,"minecraft:bone":4,"minecraft:acacia_planks":28,"minecraft:wheat_seeds":45,"minecraft:bell":1,"minecraft:stone_pickaxe":3,"minecraft:heart_of_the_sea":1,"minecraft:iron_ingot":2,"minecraft:diamond_helmet":1,"minecraft:bamboo":8,"minecraft:iron_sword":1,"minecraft:acacia_sapling":11,"minecraft:oak_planks":10,"minecraft:book":2,"minecraft:cooked_porkchop":23,"minecraft:pumpkin":3,"minecraft:sand":55,"minecraft:white_bed":4,"minecraft:grass_block":1,"minecraft:stone_axe":2,"minecraft:iron_helmet":1,"minecraft:granite":1,"minecraft:bread":2,"minecraft:emerald":8,"minecraft:oak_sapling":1,"minecraft:black_wool":1,"minecraft:melon_seeds":2,"minecraft:coal":107,"minecraft:ender_pearl":1},"minecraft:crafted":{"minecraft:wooden_sword":1,"minecraft:oak_planks":84,"minecraft:furnace":1,"minecraft:acacia_fence_gate":2,"minecraft:glass":36,"minecraft:chest":1,"minecraft:oak_button":1,"minecraft:acacia_fence":18,"minecraft:cooked_beef":21,"minecraft:cooked_porkchop":16,"minecraft:crafting_table":1,"minecraft:wooden_pickaxe":1,"minecraft:stone_axe":1,"minecraft:stick":32,"minecraft:iron_ingot":67,"minecraft:oak_stairs":4,"minecraft:wooden_axe":1,"minecraft:acacia_door":3,"minecraft:acacia_planks":428},"minecraft:killed":{"minecraft:skeleton":1,"minecraft:chicken":1,"minecraft:pig":4,"minecraft:sheep":4,"minecraft:cow":6}},"DataVersion":3953}