{"stats":{"minecraft:killed_by":{"minecraft:zombie":1},"minecraft:dropped":{"minecraft:wheat_seeds":3,"minecraft:cooked_beef":1,"minecraft:crafting_table":1,"minecraft:cherry_planks":1,"minecraft:iron_pickaxe":1,"minecraft:white_wool":4,"minecraft:white_tulip":1,"minecraft:white_bed":2},"minecraft:broken":{"minecraft:iron_shovel":4,"minecraft:iron_axe":1,"minecraft:stone_axe":2,"minecraft:stone_shovel":1},"minecraft:used":{"minecraft:rose_bush":1,"minecraft:iron_shovel":1265,"minecraft:stone_shovel":14,"minecraft:chest":9,"minecraft:iron_sword":9,"minecraft:cooked_salmon":3,"minecraft:iron_chestplate":1,"minecraft:orange_bed":7,"minecraft:torch":5,"minecraft:dirt":149,"minecraft:birch_pressure_plate":2,"minecraft:jungle_planks":18,"minecraft:jungle_slab":6,"minecraft:acacia_sapling":11,"minecraft:glass":20,"minecraft:wooden_axe":11,"minecraft:mangrove_log":1,"minecraft:iron_axe":424,"minecraft:oak_stairs":4,"minecraft:diamond_chestplate":2,"minecraft:oak_sapling":1,"minecraft:furnace":3,"minecraft:acacia_fence":15,"minecraft:egg":6,"minecraft:cooked_beef":24,"minecraft:cherry_fence":4,"minecraft:acacia_planks":127,"minecraft:cherry_log":14,"minecraft:diamond_boots":1,"minecraft:birch_planks":145,"minecraft:stone_pickaxe":111,"minecraft:oak_planks":65,"minecraft:wooden_pickaxe":13,"minecraft:cherry_planks":157,"minecraft:white_wool":1,"minecraft:crafting_table":5,"minecraft:white_bed":2,"minecraft:stripped_cherry_wood":1,"minecraft:smoker":2,"minecraft:oak_log":1,"minecraft:apple":1,"minecraft:cherry_door":5,"minecraft:acacia_door":2,"minecraft:birch_slab":13,"minecraft:melon_slice":13,"minecraft:iron_pickaxe":15,"minecraft:jungle_stairs":24,"minecraft:acacia_fence_gate":1,"minecraft:stone_axe":299,"minecraft:wooden_sword":66,"minecraft:cooked_porkchop":8,"minecraft:birch_log":35,"minecraft:glass_pane":63,"minecraft:stripped_cherry_log":3,"minecraft:diamond_leggings":1,"minecraft:birch_stairs":4},"minecraft:custom":{"minecraft:mob_kills":22,"minecraft:animals_bred":2,"minecraft:interact_with_crafting_table":63,"minecraft:leave_game":8,"minecraft:time_since_death":432775,"minecraft:climb_one_cm":7052,"minecraft:sprint_one_cm":1445328,"minecraft:walk_one_cm":1674234,"minecraft:drop":14,"minecraft:talked_to_villager":10,"minecraft:play_time":466491,"minecraft:sneak_time":157,"minecraft:deaths":2,"minecraft:walk_under_water_one_cm":23906,"minecraft:boat_one_cm":598386,"minecraft:jump":3618,"minecraft:interact_with_blast_furnace":19,"minecraft:walk_on_water_one_cm":47280,"minecraft:total_world_time":466491,"minecraft:interact_with_furnace":42,"minecraft:interact_with_grindstone":1,"minecraft:sleep_in_bed":35,"minecraft:time_since_rest":7938,"minecraft:damage_taken":1327,"minecraft:damage_dealt":2382,"minecraft:swim_one_cm":8828,"minecraft:fly_one_cm":306129,"minecraft:open_chest":426,"minecraft:interact_with_smoker":58,"minecraft:fall_one_cm":73370},"minecraft:mined":{"minecraft:white_bed":1,"minecraft:jungle_slab":2,"minecraft:cherry_log":19,"minecraft:stripped_cherry_log":11,"minecraft:jungle_leaves":47,"minecraft:mangrove_roots":1,"minecraft:granite":1,"minecraft:acacia_log":108,"minecraft:grass_block":1031,"minecraft:jungle_planks":16,"minecraft:jungle_log":25,"minecraft:birch_slab":7,"minecraft:oxeye_daisy":3,"minecraft:magma_block":7,"minecraft:furnace":1,"minecraft:pumpkin":3,"minecraft:azure_bluet":17,"minecraft:bell":1,"minecraft:dirt_path":1,"minecraft:red_tulip":17,"minecraft:vine":5,"minecraft:white_tulip":22,"minecraft:stone":50,"minecraft:white_wool":2,"minecraft:orange_bed":6,"minecraft:acacia_leaves":12,"minecraft:glass_pane":19,"minecraft:cherry_planks":85,"minecraft:stripped_cherry_wood":2,"minecraft:smoker":1,"minecraft:dandelion":9,"minecraft:clay":10,"minecraft:crafting_table":5,"minecraft:cornflower":23,"minecraft:torch":2,"minecraft:jungle_stairs":14,"minecraft:short_grass":764,"minecraft:poppy":2,"minecraft:chest":5,"minecraft:rose_bush":5,"minecraft:tall_grass":64,"minecraft:cobblestone":1,"minecraft:lily_pad":3,"minecraft:sugar_cane":15,"minecraft:oak_planks":10,"minecraft:wall_torch":3,"minecraft:pink_petals":75,"minecraft:birch_planks":3,"minecraft:acacia_sapling":5,"minecraft:birch_log":86,"minecraft:wheat":2,"minecraft:birch_leaves":61,"minecraft:cherry_door":3,"minecraft:orange_tulip":59,"minecraft:mangrove_leaves":21,"minecraft:oak_log":192,"minecraft:coal_ore":56,"minecraft:gravel":2,"minecraft:cherry_leaves":2,"minecraft:sunflower":52,"minecraft:sand":107,"minecraft:dirt":181,"minecraft:mangrove_log":8,"minecraft:acacia_planks":28,"minecraft:stonecutter":1,"minecraft:oak_leaves":364,"minecraft:fern":9},"minecraft:picked_up":{"minecraft:wooden_axe":1,"minecraft:crafting_table":6,"minecraft:iron_chestplate":1,"minecraft:wheat":3,"minecraft:azure_bluet":17,"minecraft:chicken":2,"minecraft:clay_ball":40,"minecraft:lead":2,"minecraft:wooden_pickaxe":1,"minecraft:stripped_cherry_log":11,"minecraft:cornflower":25,"minecraft:moss_carpet":1,"minecraft:iron_axe":1,"minecraft:cooked_salmon":3,"minecraft:wooden_sword":1,"minecraft:iron_leggings":1,"minecraft:glass_pane":15,"minecraft:diamond_leggings":1,"minecraft:beef":25,"minecraft:white_tulip":21,"minecraft:oak_boat":1,"minecraft:rose_bush":7,"minecraft:jungle_sapling":6,"minecraft:poppy":2,"minecraft:iron_pickaxe":2,"minecraft:light_gray_wool":1,"minecraft:sugar_cane":50,"minecraft:melon_slice":22,"minecraft:chest":5,"minecraft:birch_sapling":20,"minecraft:mangrove_log":10,"minecraft:furnace":1,"minecraft:iron_boots":1,"minecraft:egg":13,"minecraft:stick":57,"minecraft:raw_iron":1,"minecraft:torch":5,"minecraft:acacia_log":111,"minecraft:porkchop":13,"minecraft:cherry_log":35,"minecraft:carrot":2,"minecraft:orange_bed":7,"minecraft:diamond_chestplate":1,"minecraft:rotten_flesh":12,"minecraft:stone_shovel":1,"minecraft:jungle_stairs":14,"minecraft:diamond_boots":1,"minecraft:red_tulip":17,"minecraft:armadillo_scute":1,"minecraft:mangrove_roots":3,"minecraft:gold_ingot":2,"minecraft:mutton":10,"minecraft:white_wool":9,"minecraft:cobblestone":58,"minecraft:oxeye_daisy":3,"minecraft:birch_log":98,"minecraft:pink_petals":208,"minecraft:magma_block":7,"minecraft:feather":4,"minecraft:cherry_planks":86,"minecraft:birch_slab":7,"minecraft:jungle_log":43,"minecraft:leather":22,"minecraft:smoker":2,"minecraft:potato":14,"minecraft:birch_planks":3,"minecraft:filled_map":1,"minecraft:oak_log":193,"minecraft:lily_pad":11,"minecraft:cherry_door":3,"minecraft:lapis_lazuli":3,"minecraft:dirt":1208,"minecraft:bone":4,"minecraft:acacia_planks":28,"minecraft:apple":6,"minecraft:stonecutter":1,"minecraft:orange_tulip":66,"minecraft:wheat_seeds":153,"minecraft:bell":1,"minecraft:iron_ingot":2,"minecraft:heart_of_the_sea":1,"minecraft:stone_pickaxe":3,"minecraft:diamond_helmet":1,"minecraft:bamboo":8,"minecraft:acacia_sapling":11,"minecraft:iron_sword":1,"minecraft:oak_planks":28,"minecraft:book":2,"minecraft:cooked_porkchop":23,"minecraft:pumpkin":3,"minecraft:dandelion":9,"minecraft:gravel":2,"minecraft:jungle_planks":16,"minecraft:sand":236,"minecraft:stripped_cherry_wood":2,"minecraft:white_bed":5,"minecraft:grass_block":1,"minecraft:jungle_slab":2,"minecraft:stone_axe":2,"minecraft:cherry_wood":2,"minecraft:iron_helmet":1,"minecraft:granite":1,"minecraft:cherry_sapling":3,"minecraft:emerald":8,"minecraft:bread":2,"minecraft:oak_sapling":60,"minecraft:melon_seeds":2,"minecraft:black_wool":1,"minecraft:coal":107,"minecraft:mangrove_propagule":7,"minecraft:sunflower":48,"minecraft:ender_pearl":1},"minecraft:crafted":{"minecraft:brick":30,"minecraft:cherry_planks":196,"minecraft:wooden_sword":1,"minecraft:oak_planks":284,"minecraft:birch_slab":12,"minecraft:furnace":2,"minecraft:acacia_fence_gate":2,"minecraft:cooked_mutton":1,"minecraft:glass_pane":208,"minecraft:glass":153,"minecraft:iron_axe":3,"minecraft:stone_pickaxe":2,"minecraft:chest":4,"minecraft:oak_button":1,"minecraft:acacia_fence":18,"minecraft:jungle_stairs":12,"minecraft:cherry_fence":6,"minecraft:cooked_beef":72,"minecraft:cooked_porkchop":27,"minecraft:crafting_table":1,"minecraft:baked_potato":75,"minecraft:wooden_pickaxe":1,"minecraft:birch_pressure_plate":2,"minecraft:birch_planks":168,"minecraft:mangrove_planks":56,"minecraft:stone_axe":3,"minecraft:jungle_slab":6,"minecraft:jungle_planks":84,"minecraft:stick":44,"minecraft:iron_ingot":67,"minecraft:oak_stairs":4,"minecraft:wooden_axe":1,"minecraft:cherry_door":3,"minecraft:iron_shovel":5,"minecraft:acacia_door":3,"minecraft:acacia_planks":428,"minecraft:birch_stairs":4},"minecraft:killed":{"minecraft:skeleton":1,"minecraft:chicken":1,"minecraft:pig":4,"minecraft:sheep":4,"minecraft:cow":12}},"DataVersion":3953}