{"stats":{"minecraft:killed_by":{"minecraft:zombie":1},"minecraft:dropped":{"minecraft:wheat_seeds":3,"minecraft:cooked_beef":1,"minecraft:crafting_table":1,"minecraft:cherry_planks":1,"minecraft:iron_pickaxe":1,"minecraft:iron_shovel":1,"minecraft:white_wool":4,"minecraft:white_tulip":1,"minecraft:white_bed":2},"minecraft:broken":{"minecraft:iron_shovel":4,"minecraft:iron_axe":2,"minecraft:stone_axe":2,"minecraft:stone_shovel":1},"minecraft:used":{"minecraft:cherry_sapling":1,"minecraft:rose_bush":1,"minecraft:iron_shovel":1267,"minecraft:stone_shovel":14,"minecraft:chest":11,"minecraft:iron_sword":71,"minecraft:cooked_salmon":3,"minecraft:orange_bed":9,"minecraft:iron_chestplate":1,"minecraft:torch":5,"minecraft:dirt":166,"minecraft:birch_pressure_plate":2,"minecraft:jungle_planks":34,"minecraft:jungle_slab":11,"minecraft:acacia_sapling":11,"minecraft:glass":20,"minecraft:wooden_axe":11,"minecraft:mangrove_log":1,"minecraft:iron_axe":803,"minecraft:oak_stairs":4,"minecraft:cherry_slab":15,"minecraft:birch_sapling":18,"minecraft:diamond_chestplate":2,"minecraft:oak_sapling":1,"minecraft:furnace":3,"minecraft:acacia_fence":15,"minecraft:egg":10,"minecraft:cooked_beef":40,"minecraft:cherry_fence":9,"minecraft:acacia_planks":127,"minecraft:cherry_log":22,"minecraft:diamond_boots":1,"minecraft:birch_planks":242,"minecraft:stripped_birch_log":3,"minecraft:stone_pickaxe":111,"minecraft:oak_planks":65,"minecraft:wooden_pickaxe":13,"minecraft:cherry_planks":442,"minecraft:diamond_axe":226,"minecraft:white_wool":1,"minecraft:crafting_table":9,"minecraft:campfire":1,"minecraft:white_bed":3,"minecraft:stripped_cherry_wood":1,"minecraft:smoker":2,"minecraft:oak_log":1,"minecraft:apple":1,"minecraft:cherry_door":6,"minecraft:acacia_door":2,"minecraft:birch_slab":52,"minecraft:iron_pickaxe":90,"minecraft:melon_slice":13,"minecraft:jungle_stairs":49,"minecraft:stone_axe":299,"minecraft:acacia_fence_gate":1,"minecraft:wooden_sword":66,"minecraft:cherry_stairs":20,"minecraft:cooked_porkchop":8,"minecraft:birch_log":67,"minecraft:glass_pane":96,"minecraft:stripped_cherry_log":34,"minecraft:diamond_leggings":1,"minecraft:birch_stairs":29},"minecraft:custom":{"minecraft:mob_kills":31,"minecraft:animals_bred":2,"minecraft:interact_with_crafting_table":72,"minecraft:leave_game":15,"minecraft:time_since_death":628706,"minecraft:climb_one_cm":7052,"minecraft:sprint_one_cm":1928051,"minecraft:walk_one_cm":2399807,"minecraft:drop":15,"minecraft:talked_to_villager":12,"minecraft:play_time":662422,"minecraft:sneak_time":222,"minecraft:deaths":2,"minecraft:walk_under_water_one_cm":24272,"minecraft:boat_one_cm":598386,"minecraft:jump":4768,"minecraft:interact_with_blast_furnace":19,"minecraft:walk_on_water_one_cm":47531,"minecraft:total_world_time":662422,"minecraft:interact_with_furnace":44,"minecraft:interact_with_grindstone":1,"minecraft:sleep_in_bed":45,"minecraft:time_since_rest":21876,"minecraft:damage_taken":2050,"minecraft:damage_dealt":3667,"minecraft:swim_one_cm":8828,"minecraft:fly_one_cm":377229,"minecraft:open_chest":590,"minecraft:crouch_one_cm":64,"minecraft:interact_with_smoker":59,"minecraft:fall_one_cm":95153},"minecraft:mined":{"minecraft:white_bed":1,"minecraft:jungle_slab":11,"minecraft:cherry_log":35,"minecraft:cherry_sapling":1,"minecraft:stripped_cherry_log":48,"minecraft:jungle_leaves":47,"minecraft:stripped_birch_log":5,"minecraft:mangrove_roots":1,"minecraft:granite":1,"minecraft:acacia_log":108,"minecraft:grass_block":1031,"minecraft:jungle_planks":34,"minecraft:jungle_log":25,"minecraft:birch_slab":48,"minecraft:oxeye_daisy":3,"minecraft:magma_block":7,"minecraft:furnace":1,"minecraft:pumpkin":3,"minecraft:azure_bluet":17,"minecraft:bell":1,"minecraft:red_tulip":17,"minecraft:dirt_path":1,"minecraft:vine":5,"minecraft:stripped_oak_log":1,"minecraft:white_tulip":45,"minecraft:stone":50,"minecraft:cherry_stairs":14,"minecraft:white_wool":2,"minecraft:birch_pressure_plate":3,"minecraft:orange_bed":8,"minecraft:birch_stairs":21,"minecraft:acacia_leaves":12,"minecraft:glass_pane":96,"minecraft:cherry_planks":285,"minecraft:stripped_cherry_wood":2,"minecraft:smoker":1,"minecraft:dandelion":9,"minecraft:clay":10,"minecraft:cornflower":23,"minecraft:crafting_table":9,"minecraft:torch":2,"minecraft:jungle_stairs":49,"minecraft:short_grass":766,"minecraft:poppy":2,"minecraft:chest":7,"minecraft:rose_bush":6,"minecraft:tall_grass":65,"minecraft:cobblestone":1,"minecraft:oak_planks":10,"minecraft:lily_pad":3,"minecraft:sugar_cane":15,"minecraft:wall_torch":3,"minecraft:cherry_slab":14,"minecraft:birch_sapling":9,"minecraft:pink_petals":75,"minecraft:cherry_fence":9,"minecraft:birch_planks":27,"minecraft:acacia_sapling":5,"minecraft:birch_log":180,"minecraft:wheat":2,"minecraft:birch_leaves":66,"minecraft:cherry_door":6,"minecraft:orange_tulip":76,"minecraft:mangrove_leaves":21,"minecraft:oak_log":217,"minecraft:coal_ore":56,"minecraft:gravel":2,"minecraft:cherry_leaves":4,"minecraft:sunflower":52,"minecraft:sand":107,"minecraft:dirt":194,"minecraft:mangrove_log":8,"minecraft:acacia_planks":28,"minecraft:oak_button":1,"minecraft:stonecutter":1,"minecraft:oak_leaves":386,"minecraft:fern":9},"minecraft:picked_up":{"minecraft:wooden_axe":1,"minecraft:iron_chestplate":1,"minecraft:crafting_table":10,"minecraft:wheat":3,"minecraft:azure_bluet":17,"minecraft:chicken":2,"minecraft:clay_ball":40,"minecraft:lead":4,"minecraft:wooden_pickaxe":1,"minecraft:stripped_cherry_log":45,"minecraft:cornflower":25,"minecraft:moss_carpet":1,"minecraft:iron_axe":1,"minecraft:cooked_salmon":3,"minecraft:wooden_sword":1,"minecraft:iron_leggings":1,"minecraft:iron_shovel":1,"minecraft:glass_pane":90,"minecraft:diamond_leggings":1,"minecraft:beef":25,"minecraft:white_tulip":44,"minecraft:oak_boat":1,"minecraft:rose_bush":7,"minecraft:jungle_sapling":6,"minecraft:poppy":2,"minecraft:iron_pickaxe":2,"minecraft:light_gray_wool":1,"minecraft:melon_slice":22,"minecraft:sugar_cane":50,"minecraft:chest":7,"minecraft:birch_sapling":45,"minecraft:furnace":1,"minecraft:mangrove_log":10,"minecraft:iron_boots":1,"minecraft:egg":14,"minecraft:stick":65,"minecraft:raw_iron":1,"minecraft:cherry_stairs":14,"minecraft:torch":5,"minecraft:acacia_log":111,"minecraft:porkchop":13,"minecraft:cherry_log":51,"minecraft:carrot":2,"minecraft:orange_bed":9,"minecraft:stone_shovel":1,"minecraft:arrow":3,"minecraft:rotten_flesh":18,"minecraft:diamond_chestplate":1,"minecraft:jungle_stairs":49,"minecraft:diamond_boots":1,"minecraft:armadillo_scute":1,"minecraft:red_tulip":17,"minecraft:mangrove_roots":3,"minecraft:gold_ingot":2,"minecraft:mutton":10,"minecraft:white_wool":9,"minecraft:cobblestone":59,"minecraft:oxeye_daisy":3,"minecraft:birch_log":192,"minecraft:stripped_oak_log":1,"minecraft:pink_petals":208,"minecraft:magma_block":7,"minecraft:feather":4,"minecraft:cherry_planks":283,"minecraft:birch_slab":48,"minecraft:jungle_log":43,"minecraft:leather":22,"minecraft:smoker":2,"minecraft:potato":14,"minecraft:filled_map":1,"minecraft:birch_planks":28,"minecraft:oak_log":218,"minecraft:lily_pad":11,"minecraft:cherry_fence":9,"minecraft:stripped_birch_log":5,"minecraft:cherry_door":6,"minecraft:lapis_lazuli":3,"minecraft:dirt":1221,"minecraft:birch_pressure_plate":2,"minecraft:bone":7,"minecraft:acacia_planks":28,"minecraft:apple":6,"minecraft:stonecutter":1,"minecraft:wheat_seeds":153,"minecraft:orange_tulip":83,"minecraft:bell":1,"minecraft:heart_of_the_sea":1,"minecraft:iron_ingot":2,"minecraft:stone_pickaxe":3,"minecraft:diamond_helmet":1,"minecraft:bamboo":8,"minecraft:iron_sword":1,"minecraft:oak_planks":28,"minecraft:acacia_sapling":11,"minecraft:book":2,"minecraft:cooked_porkchop":23,"minecraft:pumpkin":3,"minecraft:dandelion":9,"minecraft:gravel":2,"minecraft:jungle_planks":34,"minecraft:birch_stairs":21,"minecraft:sand":236,"minecraft:stripped_cherry_wood":2,"minecraft:white_bed":6,"minecraft:grass_block":1,"minecraft:jungle_slab":11,"minecraft:diamond_shovel":1,"minecraft:stone_axe":2,"minecraft:cherry_wood":2,"minecraft:iron_helmet":1,"minecraft:granite":1,"minecraft:diamond_axe":1,"minecraft:cherry_sapling":5,"minecraft:emerald":8,"minecraft:bread":2,"minecraft:oak_button":1,"minecraft:cherry_slab":15,"minecraft:oak_sapling":64,"minecraft:melon_seeds":2,"minecraft:black_wool":1,"minecraft:mangrove_propagule":7,"minecraft:coal":107,"minecraft:sunflower":48,"minecraft:ender_pearl":1},"minecraft:crafted":{"minecraft:brick":30,"minecraft:cherry_planks":248,"minecraft:wooden_sword":1,"minecraft:oak_planks":284,"minecraft:cherry_slab":6,"minecraft:birch_slab":12,"minecraft:furnace":2,"minecraft:acacia_fence_gate":2,"minecraft:cooked_mutton":1,"minecraft:glass_pane":208,"minecraft:glass":153,"minecraft:iron_axe":4,"minecraft:cherry_stairs":8,"minecraft:stone_pickaxe":2,"minecraft:chest":4,"minecraft:oak_button":1,"minecraft:acacia_fence":18,"minecraft:jungle_stairs":12,"minecraft:cherry_fence":6,"minecraft:cooked_beef":72,"minecraft:cooked_porkchop":27,"minecraft:crafting_table":1,"minecraft:wooden_pickaxe":1,"minecraft:baked_potato":75,"minecraft:birch_pressure_plate":2,"minecraft:mangrove_planks":56,"minecraft:birch_planks":268,"minecraft:stone_axe":3,"minecraft:jungle_slab":6,"minecraft:jungle_planks":84,"minecraft:stick":44,"minecraft:iron_ingot":67,"minecraft:oak_stairs":4,"minecraft:wooden_axe":1,"minecraft:cherry_door":3,"minecraft:iron_shovel":5,"minecraft:acacia_door":3,"minecraft:acacia_planks":428,"minecraft:birch_stairs":8},"minecraft:killed":{"minecraft:skeleton":2,"minecraft:chicken":1,"minecraft:pig":4,"minecraft:wandering_trader":1,"minecraft:sheep":4,"minecraft:trader_llama":2,"minecraft:zombie":5,"minecraft:cow":12}},"DataVersion":3953}