{"stats":{"minecraft:killed_by":{"minecraft:zombie":1},"minecraft:dropped":{"minecraft:wheat_seeds":3,"minecraft:cooked_beef":1,"minecraft:crafting_table":1,"minecraft:white_wool":4,"minecraft:white_tulip":1,"minecraft:white_bed":2},"minecraft:broken":{"minecraft:iron_shovel":2,"minecraft:iron_axe":1,"minecraft:stone_axe":2,"minecraft:stone_shovel":1},"minecraft:used":{"minecraft:iron_shovel":728,"minecraft:stone_shovel":14,"minecraft:chest":9,"minecraft:iron_sword":9,"minecraft:cooked_salmon":3,"minecraft:iron_chestplate":1,"minecraft:orange_bed":7,"minecraft:torch":5,"minecraft:dirt":31,"minecraft:acacia_sapling":11,"minecraft:glass":20,"minecraft:wooden_axe":11,"minecraft:mangrove_log":1,"minecraft:iron_axe":164,"minecraft:oak_stairs":4,"minecraft:diamond_chestplate":2,"minecraft:oak_sapling":1,"minecraft:furnace":3,"minecraft:acacia_fence":15,"minecraft:egg":6,"minecraft:cooked_beef":18,"minecraft:acacia_planks":127,"minecraft:diamond_boots":1,"minecraft:stone_pickaxe":83,"minecraft:oak_planks":65,"minecraft:wooden_pickaxe":13,"minecraft:white_wool":1,"minecraft:crafting_table":2,"minecraft:white_bed":2,"minecraft:smoker":2,"minecraft:apple":1,"minecraft:acacia_door":2,"minecraft:melon_slice":13,"minecraft:acacia_fence_gate":1,"minecraft:stone_axe":299,"minecraft:wooden_sword":66,"minecraft:cooked_porkchop":4,"minecraft:diamond_leggings":1},"minecraft:custom":{"minecraft:mob_kills":18,"minecraft:animals_bred":2,"minecraft:interact_with_crafting_table":41,"minecraft:leave_game":8,"minecraft:time_since_death":282775,"minecraft:climb_one_cm":7052,"minecraft:sprint_one_cm":1019323,"minecraft:walk_one_cm":976650,"minecraft:drop":12,"minecraft:talked_to_villager":8,"minecraft:play_time":316491,"minecraft:sneak_time":131,"minecraft:deaths":2,"minecraft:walk_under_water_one_cm":21718,"minecraft:boat_one_cm":598386,"minecraft:jump":2760,"minecraft:interact_with_blast_furnace":10,"minecraft:walk_on_water_one_cm":42346,"minecraft:total_world_time":316491,"minecraft:interact_with_furnace":35,"minecraft:interact_with_grindstone":1,"minecraft:sleep_in_bed":24,"minecraft:time_since_rest":1925,"minecraft:damage_taken":1131,"minecraft:damage_dealt":1982,"minecraft:swim_one_cm":8828,"minecraft:fly_one_cm":264651,"minecraft:open_chest":234,"minecraft:interact_with_smoker":39,"minecraft:fall_one_cm":55823},"minecraft:mined":{"minecraft:white_bed":1,"minecraft:cherry_log":18,"minecraft:jungle_leaves":47,"minecraft:mangrove_roots":1,"minecraft:granite":1,"minecraft:acacia_log":108,"minecraft:grass_block":673,"minecraft:jungle_log":25,"minecraft:oxeye_daisy":3,"minecraft:magma_block":7,"minecraft:furnace":1,"minecraft:pumpkin":3,"minecraft:azure_bluet":13,"minecraft:bell":1,"minecraft:red_tulip":4,"minecraft:vine":5,"minecraft:white_tulip":22,"minecraft:stone":22,"minecraft:white_wool":2,"minecraft:orange_bed":6,"minecraft:acacia_leaves":12,"minecraft:smoker":1,"minecraft:dandelion":9,"minecraft:clay":10,"minecraft:crafting_table":2,"minecraft:cornflower":23,"minecraft:torch":2,"minecraft:short_grass":620,"minecraft:poppy":2,"minecraft:chest":5,"minecraft:tall_grass":50,"minecraft:cobblestone":1,"minecraft:lily_pad":3,"minecraft:sugar_cane":12,"minecraft:oak_planks":10,"minecraft:wall_torch":3,"minecraft:pink_petals":5,"minecraft:acacia_sapling":5,"minecraft:birch_log":36,"minecraft:wheat":2,"minecraft:birch_leaves":54,"minecraft:orange_tulip":31,"minecraft:mangrove_leaves":21,"minecraft:oak_log":157,"minecraft:coal_ore":56,"minecraft:cherry_leaves":2,"minecraft:sunflower":20,"minecraft:sand":54,"minecraft:dirt":47,"minecraft:mangrove_log":8,"minecraft:acacia_planks":28,"minecraft:stonecutter":1,"minecraft:oak_leaves":222,"minecraft:fern":9},"minecraft:picked_up":{"minecraft:wooden_axe":1,"minecraft:crafting_table":3,"minecraft:iron_chestplate":1,"minecraft:wheat":3,"minecraft:azure_bluet":13,"minecraft:chicken":2,"minecraft:clay_ball":40,"minecraft:lead":2,"minecraft:wooden_pickaxe":1,"minecraft:cornflower":25,"minecraft:moss_carpet":1,"minecraft:iron_axe":1,"minecraft:cooked_salmon":3,"minecraft:wooden_sword":1,"minecraft:iron_leggings":1,"minecraft:diamond_leggings":1,"minecraft:beef":17,"minecraft:white_tulip":21,"minecraft:oak_boat":1,"minecraft:rose_bush":1,"minecraft:jungle_sapling":6,"minecraft:poppy":2,"minecraft:light_gray_wool":1,"minecraft:sugar_cane":44,"minecraft:melon_slice":22,"minecraft:chest":5,"minecraft:birch_sapling":17,"minecraft:mangrove_log":10,"minecraft:furnace":1,"minecraft:iron_boots":1,"minecraft:egg":12,"minecraft:stick":32,"minecraft:raw_iron":1,"minecraft:torch":5,"minecraft:acacia_log":111,"minecraft:porkchop":13,"minecraft:cherry_log":16,"minecraft:carrot":2,"minecraft:orange_bed":7,"minecraft:diamond_chestplate":1,"minecraft:rotten_flesh":12,"minecraft:stone_shovel":1,"minecraft:diamond_boots":1,"minecraft:red_tulip":4,"minecraft:armadillo_scute":1,"minecraft:mangrove_roots":3,"minecraft:gold_ingot":2,"minecraft:mutton":10,"minecraft:white_wool":9,"minecraft:cobblestone":30,"minecraft:oxeye_daisy":3,"minecraft:birch_log":48,"minecraft:pink_petals":35,"minecraft:magma_block":7,"minecraft:feather":4,"minecraft:jungle_log":43,"minecraft:leather":18,"minecraft:smoker":2,"minecraft:potato":14,"minecraft:filled_map":1,"minecraft:oak_log":158,"minecraft:lily_pad":11,"minecraft:lapis_lazuli":3,"minecraft:dirt":719,"minecraft:bone":4,"minecraft:acacia_planks":28,"minecraft:apple":5,"minecraft:stonecutter":1,"minecraft:orange_tulip":35,"minecraft:wheat_seeds":135,"minecraft:bell":1,"minecraft:iron_ingot":2,"minecraft:heart_of_the_sea":1,"minecraft:stone_pickaxe":3,"minecraft:diamond_helmet":1,"minecraft:bamboo":8,"minecraft:acacia_sapling":11,"minecraft:iron_sword":1,"minecraft:oak_planks":28,"minecraft:book":2,"minecraft:cooked_porkchop":23,"minecraft:pumpkin":3,"minecraft:dandelion":9,"minecraft:sand":55,"minecraft:white_bed":5,"minecraft:grass_block":1,"minecraft:stone_axe":2,"minecraft:iron_helmet":1,"minecraft:granite":1,"minecraft:emerald":8,"minecraft:bread":2,"minecraft:oak_sapling":26,"minecraft:melon_seeds":2,"minecraft:black_wool":1,"minecraft:coal":107,"minecraft:mangrove_propagule":7,"minecraft:sunflower":19,"minecraft:ender_pearl":1},"minecraft:crafted":{"minecraft:brick":2,"minecraft:cherry_planks":196,"minecraft:wooden_sword":1,"minecraft:oak_planks":284,"minecraft:furnace":2,"minecraft:acacia_fence_gate":2,"minecraft:glass":36,"minecraft:iron_axe":1,"minecraft:stone_pickaxe":2,"minecraft:chest":4,"minecraft:oak_button":1,"minecraft:acacia_fence":18,"minecraft:cooked_beef":48,"minecraft:cooked_porkchop":21,"minecraft:crafting_table":1,"minecraft:baked_potato":69,"minecraft:wooden_pickaxe":1,"minecraft:birch_planks":168,"minecraft:mangrove_planks":56,"minecraft:stone_axe":3,"minecraft:jungle_planks":84,"minecraft:stick":40,"minecraft:iron_ingot":67,"minecraft:oak_stairs":4,"minecraft:wooden_axe":1,"minecraft:iron_shovel":4,"minecraft:acacia_door":3,"minecraft:acacia_planks":428},"minecraft:killed":{"minecraft:skeleton":1,"minecraft:chicken":1,"minecraft:pig":4,"minecraft:sheep":4,"minecraft:cow":8}},"DataVersion":3953}